[22:14:21] ,29720,0.000,2.984
[22:14:21] ,29730,0.000,2.984
[22:14:21] ,29740,0.000,2.984
[22:14:21] ,29750,0.000,2.984
[22:14:21] ,29760,0.000,2.984
[22:14:21] ,29770,0.000,2.984
[22:14:21] ,29780,0.000,2.984
[22:14:21] ,29790,0.000,2.985
[22:14:21] ,29800,0.000,2.985
[22:14:21] ,29810,0.000,2.985
[22:14:21] ,29820,0.000,2.987
[22:14:21] ,29830,0.000,2.987
[22:14:21] ,29840,-0.002,2.988
[22:14:21] ,29850,0.000,2.991
[22:14:21] ,29860,0.000,2.993
[22:14:21] ,29870,0.000,2.994
[22:14:21] ,29880,0.000,2.997
[22:14:21] ,29890,0.000,3.000
[22:14:21] ,29900,-0.002,3.004
[22:14:21] ,29910,-0.002,3.007
[22:14:21] ,29920,-0.002,3.010
[22:14:21] ,29930,0.000,3.014
[22:14:21] ,29940,0.000,3.017
[22:14:21] ,29950,0.000,3.022
[22:14:21] ,29960,0.000,3.027
[22:14:21] ,29970,-0.002,3.031
[22:14:21] ,29980,-0.002,3.036
[22:14:21] ,29990,-0.002,3.040
[22:14:21] ,30000,0.000,3.046
[22:14:21] ,30010,0.000,3.051
[22:14:21] ,30020,0.000,3.057
[22:14:21] ,30030,0.000,3.062
[22:14:21] ,30040,-0.002,3.068
[22:14:21] ,30050,-0.002,3.076
[22:14:21] ,30060,-0.002,3.082
[22:14:21] ,30070,-0.002,3.088
[22:14:21] ,30080,0.000,3.096
[22:14:21] ,30090,0.000,3.103
[22:14:21] ,30100,0.000,3.111
[22:14:21] ,30110,0.000,3.119
[22:14:21] ,30120,-0.002,3.128
[22:14:21] ,30130,-0.002,3.135
[22:14:21] ,30140,-0.002,3.145
[22:14:21] ,30150,-0.002,3.152
[22:14:21] ,30160,0.000,3.163
[22:14:21] ,30170,0.000,3.172
[22:14:21] ,30180,0.000,3.181
[22:14:21] ,30190,0.000,3.191
[22:14:21] ,30200,-0.002,3.200
[22:14:21] ,30210,-0.002,3.211
[22:14:21] ,30220,-0.002,3.221
[22:14:21] ,30230,-0.002,3.232
[22:14:21] ,30240,-0.002,3.241
[22:14:21] ,30250,0.000,3.252
[22:14:21] ,30260,0.000,3.264
[22:14:21] ,30270,0.000,3.274
[22:14:21] ,30280,0.000,3.286
[22:14:21] ,30290,-0.002,3.297
[22:14:21] ,30300,-0.002,3.307
[22:14:21] ,30310,-0.002,3.320
[22:14:21] ,30320,0.000,3.332
[22:14:21] ,30330,0.000,3.344
[22:14:21] ,30340,0.000,3.355
[22:14:21] ,30350,0.000,3.369
[22:14:21] ,30360,0.000,3.381
[22:14:21] ,30370,-0.002,3.392
[22:14:21] ,30380,-0.002,3.407
[22:14:21] ,30390,-0.002,3.419
[22:14:21] ,30400,-0.002,3.433
[22:14:21] ,30410,0.000,3.445
[22:14:21] ,30420,0.000,3.459
[22:14:21] ,30430,0.000,3.473
[22:14:21] ,30440,0.000,3.485
[22:14:21] ,30450,0.000,3.501
[22:14:21] ,30460,-0.002,3.513
[22:14:21] ,30470,-0.002,3.528
[22:14:21] ,30480,-0.002,3.542
[22:14:21] ,30490,0.000,3.556
[22:14:21] ,30500,0.000,3.571
[22:14:21] ,30510,0.000,3.585
[22:14:21] ,30520,0.000,3.600
[22:14:21] ,30530,0.000,3.614
[22:14:21] ,30540,-0.002,3.629
[22:14:21] ,30550,-0.002,3.645
[22:14:21] ,30560,-0.002,3.659
[22:14:21] ,30570,-0.002,3.675
[22:14:21] ,30580,0.000,3.689
[22:14:21] ,30590,0.000,3.706
[22:14:21] ,30600,0.000,3.720
[22:14:21] ,30610,0.000,3.737
[22:14:21] ,30620,-0.002,3.752
[22:14:21] ,30630,-0.002,3.766
[22:14:21] ,30640,-0.002,3.783
[22:14:21] ,30650,0.000,3.798
[22:14:21] ,30660,0.000,3.817
[22:14:21] ,30670,0.000,3.830
[22:14:21] ,30680,0.000,3.846
[22:14:21] ,30690,0.000,3.864
[22:14:21] ,30700,0.000,3.878
[22:14:21] ,30710,0.000,3.896
[22:14:21] ,30720,0.000,3.912
[22:14:21] ,30730,0.000,3.929
[22:14:21] ,30740,0.000,3.944
[22:14:21] ,30750,0.000,3.959
[22:14:21] ,30760,0.000,3.976
[22:14:21] ,30770,0.000,3.990
[22:14:21] ,30780,0.000,4.007
[22:14:21] ,30790,0.000,4.021
[22:14:21] ,30800,0.000,4.037
[22:14:21] ,30810,0.000,4.051
[22:14:21] ,30820,0.000,4.065
[22:14:21] ,30830,0.002,4.080
[22:14:21] ,30840,0.002,4.093
[22:14:21] ,30850,0.002,4.108
[22:14:21] ,30860,0.002,4.120
[22:14:21] ,30870,0.000,4.131
[22:14:21] ,30880,0.000,4.145
[22:14:21] ,30890,0.000,4.156
[22:14:21] ,30900,0.000,4.168
[22:14:21] ,30910,0.000,4.177
[22:14:21] ,30920,0.002,4.188
[22:14:21] ,30930,0.002,4.197
[22:14:21] ,30940,0.002,4.205
[22:14:21] ,30950,0.000,4.214
[22:14:21] ,30960,0.000,4.220
[22:14:21] ,30970,0.000,4.228
[22:14:21] ,30980,0.000,4.234
[22:14:21] ,30990,0.000,4.240
[22:14:21] ,31000,0.002,4.245
[22:14:21] ,31010,0.002,4.249
[22:14:21] ,31020,0.002,4.254
[22:14:21] ,31030,0.000,4.257
[22:14:21] ,31040,0.000,4.260
[22:14:21] ,31050,0.000,4.263
[22:14:21] ,31060,0.000,4.264
[22:14:21] ,31070,0.000,4.266
[22:14:21] ,31080,0.002,4.268
[22:14:21] ,31090,0.002,4.269
[22:14:21] ,31100,0.002,4.269
[22:14:21] ,31110,0.000,4.269
[22:14:21] ,31120,0.000,4.269
[22:14:21] ,31130,0.000,4.268
[22:14:21] ,31140,0.000,4.266
[22:14:21] ,31150,0.000,4.264
[22:14:21] ,31160,0.002,4.261
[22:14:21] ,31170,0.002,4.260
[22:14:21] ,31180,0.002,4.257
[22:14:21] ,31190,0.000,4.252
[22:14:21] ,31200,0.000,4.249
[22:14:21] ,31210,0.000,4.245
[22:14:21] ,31220,0.000,4.240
[22:14:21] ,31230,0.000,4.235
[22:14:21] ,31240,0.002,4.231
[22:14:21] ,31250,0.002,4.225
[22:14:21] ,31260,0.002,4.218
[22:14:21] ,31270,0.000,4.214
[22:14:21] ,31280,0.000,4.206
[22:14:21] ,31290,0.000,4.199
[22:14:21] ,31300,0.000,4.191
[22:14:21] ,31310,0.000,4.183
[22:14:21] ,31320,0.000,4.177
[22:14:21] ,31330,0.002,4.168
[22:14:21] ,31340,0.002,4.159
[22:14:21] ,31350,0.002,4.149
[22:14:21] ,31360,0.000,4.140
[22:14:21] ,31370,0.000,4.129
[22:14:21] ,31380,0.000,4.120
[22:14:21] ,31390,0.000,4.111
[22:14:21] ,31400,0.000,4.099
[22:14:21] ,31410,0.000,4.088
[22:14:21] ,31420,0.000,4.076
[22:14:21] ,31430,0.000,4.067
[22:14:21] ,31440,0.000,4.054
[22:14:21] ,31450,0.000,4.042
[22:14:21] ,31460,0.000,4.031
[22:14:21] ,31470,0.000,4.017
[22:14:21] ,31480,0.000,4.007
[22:14:21] ,31490,0.000,3.994
[22:14:21] ,31500,0.000,3.982
[22:14:21] ,31510,0.000,3.970
[22:14:21] ,31520,0.000,3.958
[22:14:21] ,31530,0.000,3.947
[22:14:21] ,31540,0.000,3.933
[22:14:21] ,31550,0.000,3.922
[22:14:21] ,31560,0.000,3.910
[22:14:21] ,31570,0.000,3.899
[22:14:21] ,31580,-0.002,3.889
[22:14:21] ,31590,-0.002,3.876
[22:14:21] ,31600,-0.002,3.866
[22:14:21] ,31610,0.000,3.855
[22:14:21] ,31620,0.000,3.846
[22:14:21] ,31630,0.000,3.835
[22:14:21] ,31640,0.000,3.826
[22:14:21] ,31650,-0.002,3.818
[22:14:21] ,31660,-0.002,3.807
[22:14:21] ,31670,-0.002,3.800
[22:14:21] ,31680,-0.002,3.790
[22:14:21] ,31690,0.000,3.783
[22:14:21] ,31700,0.000,3.775
[22:14:21] ,31710,0.000,3.767
[22:14:21] ,31720,0.000,3.761
[22:14:21] ,31730,-0.002,3.754
[22:14:21] ,31740,-0.002,3.748
[22:14:21] ,31750,-0.002,3.740
[22:14:21] ,31760,-0.002,3.734
[22:14:21] ,31770,-0.002,3.729
[22:14:21] ,31780,0.000,3.723
[22:14:21] ,31790,0.000,3.717
[22:14:21] ,31800,0.000,3.712
[22:14:21] ,31810,-0.002,3.708
[22:14:21] ,31820,-0.002,3.701
[22:14:21] ,31830,-0.002,3.698
[22:14:21] ,31840,-0.002,3.694
[22:14:21] ,31850,-0.002,3.689
[22:14:21] ,31860,0.000,3.686
[22:14:21] ,31870,0.000,3.683
[22:14:21] ,31880,0.000,3.680
[22:14:21] ,31890,-0.002,3.677
[22:14:21] ,31900,-0.002,3.675
[22:14:21] ,31910,-0.002,3.672
[22:14:21] ,31920,-0.002,3.671
[22:14:21] ,31930,-0.002,3.669
[22:14:21] ,31940,0.000,3.668
[22:14:21] ,31950,0.000,3.668
[22:14:21] ,31960,0.000,3.666
[22:14:21] ,31970,-0.002,3.666
[22:14:21] ,31980,-0.002,3.666
[22:14:21] ,31990,-0.002,3.666
[22:14:21] ,32000,-0.002,3.666
[22:14:21] ,32010,0.000,3.668
[22:14:21] ,32020,0.000,3.668
[22:14:21] ,32030,0.000,3.669
[22:14:21] ,32040,0.000,3.671
[22:14:21] ,32050,-0.002,3.672
[22:14:21] ,32060,-0.002,3.674
[22:14:21] ,32070,-0.002,3.677
[22:14:21] ,32080,-0.002,3.678
[22:14:21] ,32090,-0.002,3.682
[22:14:21] ,32100,0.000,3.683
[22:14:21] ,32110,0.000,3.686
[22:14:21] ,32120,0.000,3.689
[22:14:21] ,32130,-0.002,3.694
[22:14:21] ,32140,-0.002,3.697
[22:14:21] ,32150,-0.002,3.701
[22:14:21] ,32160,-0.002,3.705
[22:14:21] ,32170,-0.002,3.709
[22:14:21] ,32180,0.000,3.714
[22:14:21] ,32190,0.000,3.718
[22:14:21] ,32200,0.000,3.723
[22:14:21] ,32210,0.000,3.729
[22:14:21] ,32220,-0.002,3.734
[22:14:21] ,32230,-0.002,3.740
[22:14:21] ,32240,-0.002,3.744
[22:14:21] ,32250,0.000,3.752
[22:14:21] ,32260,0.000,3.757
[22:14:21] ,32270,0.000,3.764
[22:14:21] ,32280,0.000,3.771
[22:14:21] ,32290,0.000,3.777
[22:14:21] ,32300,-0.002,3.784
[22:14:21] ,32310,-0.002,3.790
[22:14:21] ,32320,-0.002,3.800
[22:14:21] ,32330,0.000,3.806
[22:14:21] ,32340,0.000,3.813
[22:14:21] ,32350,0.000,3.823
[22:14:21] ,32360,0.000,3.830
[22:14:21] ,32370,0.000,3.838
[22:14:21] ,32380,-0.002,3.846
[22:14:21] ,32390,-0.002,3.855
[22:14:21] ,32400,-0.002,3.864
[22:14:21] ,32410,0.000,3.872
[22:14:21] ,32420,0.000,3.883
[22:14:21] ,32430,0.000,3.892
[22:14:21] ,32440,0.000,3.901
[22:14:21] ,32450,0.000,3.910
[22:14:21] ,32460,-0.002,3.921
[22:14:21] ,32470,-0.002,3.930
[22:14:21] ,32480,0.000,3.939
[22:14:21] ,32490,0.000,3.950
[22:14:21] ,32500,0.000,3.959
[22:14:21] ,32510,0.000,3.968
[22:14:21] ,32520,0.000,3.978
[22:14:21] ,32530,0.000,3.987
[22:14:21] ,32540,0.000,3.996
[22:14:21] ,32550,0.000,4.005
[22:14:21] ,32560,0.000,4.014
[22:14:21] ,32570,0.000,4.024
[22:14:21] ,32580,0.000,4.033
[22:14:21] ,32590,0.000,4.041
[22:14:21] ,32600,0.000,4.048
[22:14:21] ,32610,0.000,4.056
[22:14:21] ,32620,0.000,4.064
[22:14:21] ,32630,0.000,4.071
[22:14:21] ,32640,0.000,4.077
[22:14:21] ,32650,0.000,4.083
[22:14:21] ,32660,0.000,4.090
[22:14:21] ,32670,0.000,4.096
[22:14:21] ,32680,0.000,4.100
[22:14:21] ,32690,0.000,4.105
[22:14:21] ,32700,0.000,4.110
[22:14:21] ,32710,0.000,4.113
[22:14:21] ,32720,0.000,4.117
[22:14:21] ,32730,0.000,4.120
[22:14:21] ,32740,0.000,4.123
[22:14:21] ,32750,0.000,4.126
[22:14:21] ,32760,0.000,4.128
[22:14:21] ,32770,0.000,4.129
[22:14:21] ,32780,0.000,4.131
[22:14:21] ,32790,0.000,4.131
[22:14:21] ,32800,0.000,4.133
[22:14:21] ,32810,0.000,4.133
[22:14:21] ,32820,0.000,4.133
[22:14:21] ,32830,0.000,4.131
[22:14:21] ,32840,0.000,4.129
[22:14:21] ,32850,0.000,4.129
[22:14:21] ,32860,0.002,4.128
[22:14:21] ,32870,0.000,4.125
[22:14:21] ,32880,0.000,4.123
[22:14:21] ,32890,0.000,4.120
[22:14:21] ,32900,0.000,4.117
[22:14:21] ,32910,0.000,4.113
[22:14:21] ,32920,0.000,4.110
[22:14:21] ,32930,0.000,4.105
[22:14:21] ,32940,0.000,4.100
[22:14:21] ,32950,0.000,4.096
[22:14:21] ,32960,0.000,4.090
[22:14:21] ,32970,0.000,4.083
[22:14:21] ,32980,0.000,4.079
[22:14:21] ,32990,0.000,4.071
[22:14:21] ,33000,0.000,4.065
[22:14:21] ,33010,0.000,4.059
[22:14:21] ,33020,0.000,4.053
[22:14:21] ,33030,0.000,4.045
[22:14:21] ,33040,0.000,4.039
[22:14:21] ,33050,0.000,4.033
[22:14:21] ,33060,0.000,4.025
[22:14:21] ,33070,0.000,4.017
[22:14:21] ,33080,0.000,4.010
[22:14:21] ,33090,0.000,4.004
[22:14:21] ,33100,0.000,3.998
[22:14:21] ,33110,0.000,3.990
[22:14:21] ,33120,0.000,3.982
[22:14:21] ,33130,0.000,3.976
[22:14:21] ,33140,0.000,3.970
[22:14:21] ,33150,-0.002,3.962
[22:14:21] ,33160,-0.002,3.958
[22:14:21] ,33170,-0.002,3.952
[22:14:21] ,33180,0.000,3.945
[22:14:21] ,33190,0.000,3.941
[22:14:21] ,33200,0.000,3.935
[22:14:21] ,33210,0.000,3.932
[22:14:21] ,33220,-0.002,3.925
[22:14:21] ,33230,-0.002,3.922
[22:14:21] ,33240,-0.002,3.918
[22:14:21] ,33250,-0.002,3.915
[22:14:21] ,33260,0.000,3.910
[22:14:21] ,33270,0.000,3.907
[22:14:21] ,33280,0.000,3.904
[22:14:21] ,33290,0.000,3.901
[22:14:21] ,33300,-0.002,3.899
[22:14:21] ,33310,-0.002,3.896
[22:14:21] ,33320,-0.002,3.895
[22:14:21] ,33330,-0.002,3.893
[22:14:21] ,33340,0.000,3.890
[22:14:21] ,33350,0.000,3.890
[22:14:21] ,33360,0.000,3.889
[22:14:21] ,33370,0.000,3.889
[22:14:21] ,33380,-0.002,3.887
[22:14:21] ,33390,-0.002,3.887
[22:14:21] ,33400,-0.002,3.887
[22:14:21] ,33410,-0.002,3.887
[22:14:21] ,33420,0.000,3.889
[22:14:21] ,33430,0.000,3.889
[22:14:21] ,33440,0.000,3.890
[22:14:21] ,33450,0.000,3.890
[22:14:21] ,33460,0.000,3.892
[22:14:21] ,33470,-0.002,3.893
[22:14:21] ,33480,-0.002,3.895
[22:14:21] ,33490,-0.002,3.898
[22:14:21] ,33500,0.000,3.899
[22:14:21] ,33510,0.000,3.902
[22:14:21] ,33520,0.000,3.906
[22:14:21] ,33530,0.000,3.909
[22:14:21] ,33540,0.000,3.912
[22:14:21] ,33550,0.000,3.915
[22:14:21] ,33560,-0.002,3.918
[22:14:21] ,33570,-0.002,3.922
[22:14:21] ,33580,-0.002,3.927
[22:14:21] ,33590,0.000,3.930
[22:14:21] ,33600,0.000,3.935
[22:14:21] ,33610,0.000,3.939
[22:14:21] ,33620,0.000,3.944
[22:14:21] ,33630,0.000,3.948
[22:14:21] ,33640,-0.002,3.953
[22:14:21] ,33650,-0.002,3.958
[22:14:21] ,33660,0.000,3.962
[22:14:21] ,33670,0.000,3.967
[22:14:21] ,33680,0.000,3.971
[22:14:21] ,33690,0.000,3.976
[22:14:21] ,33700,0.000,3.981
[22:14:21] ,33710,0.000,3.985
[22:14:21] ,33720,0.000,3.990
[22:14:21] ,33730,0.000,3.993
[22:14:21] ,33740,0.000,3.998
[22:14:21] ,33750,0.000,4.001
[22:14:21] ,33760,0.002,4.005
[22:14:21] ,33770,0.000,4.008
[22:14:21] ,33780,0.000,4.010
[22:14:21] ,33790,0.000,4.013
[22:14:21] ,33800,0.000,4.014
[22:14:21] ,33810,0.000,4.016
[22:14:21] ,33820,0.000,4.017
[22:14:21] ,33830,0.000,4.019
[22:14:21] ,33840,0.000,4.021
[22:14:21] ,33850,0.000,4.021
[22:14:21] ,33860,0.000,4.021
[22:14:21] ,33870,0.000,4.022
[22:14:21] ,33880,0.000,4.022
[22:14:21] ,33890,0.000,4.021
[22:14:21] ,33900,0.000,4.021
[22:14:21] ,33910,0.000,4.021
[22:14:21] ,33920,0.000,4.019
[22:14:21] ,33930,0.000,4.019
[22:14:21] ,33940,0.000,4.017
[22:14:21] ,33950,0.000,4.016
[22:14:21] ,33960,0.000,4.013
[22:14:21] ,33970,0.000,4.011
[22:14:21] ,33980,0.000,4.010
[22:14:21] ,33990,0.000,4.008
[22:14:21] ,34000,0.000,4.007
[22:14:21] ,34010,0.000,4.005
[22:14:21] ,34020,0.000,4.004
[22:14:21] ,34030,0.000,4.001
[22:14:21] ,34040,0.000,3.999
[22:14:21] ,34050,0.000,3.998
[22:14:21] ,34060,0.000,3.998
[22:14:21] ,34070,0.000,3.996
[22:14:21] ,34080,0.000,3.994
[22:14:21] ,34090,-0.002,3.994
[22:14:21] ,34100,0.000,3.993
[22:14:21] ,34110,0.000,3.991
[22:14:21] ,34120,0.000,3.991
[22:14:21] ,34130,0.000,3.990
[22:14:21] ,34140,-0.002,3.990
[22:14:21] ,34150,0.000,3.990
[22:14:21] ,34160,0.000,3.990
[22:14:21] ,34170,0.000,3.990
[22:14:21] ,34180,0.000,3.990
[22:14:21] ,34190,0.000,3.990
[22:14:21] ,34200,0.000,3.990
[22:14:21] ,34210,0.000,3.990
[22:14:21] ,34220,0.000,3.991
[22:14:21] ,34230,0.000,3.991
[22:14:21] ,34240,0.000,3.991
[22:14:21] ,34250,0.000,3.991
[22:14:21] ,34260,0.000,3.993
[22:14:21] ,34270,0.000,3.993
[22:14:21] ,34280,0.000,3.993
[22:14:21] ,34290,0.000,3.994
[22:14:21] ,34300,0.000,3.994
[22:14:21] ,34310,0.000,3.994
[22:14:21] ,34320,0.000,3.994
[22:14:21] ,34330,0.000,3.994
[22:14:21] ,34340,0.000,3.996
[22:14:21] ,34350,0.000,3.996
[22:14:21] ,34360,0.000,3.996
[22:14:21] ,34370,0.000,3.996
[22:14:21] ,34380,0.000,3.996
[22:14:21] ,34390,0.000,3.998
[22:14:21] ,34400,0.000,3.998
[22:14:21] ,34410,0.000,3.998
[22:14:21] ,34420,0.000,3.998
[22:14:21] ,34430,0.000,3.998
[22:14:21] ,34440,0.000,3.998
[22:14:21] ,34450,0.000,3.998
[22:14:21] ,34460,0.000,3.998
[22:14:21] ,34470,0.000,3.998
[22:14:21] ,34480,0.000,3.998
[22:14:21] ,34490,0.000,3.996
[22:14:21] ,34500,0.000,3.996
[22:14:21] ,34510,0.000,3.996
[22:14:21] ,34520,0.000,3.996
[22:14:21] ,34530,0.000,3.994
[22:14:21] ,34540,0.000,3.994
[22:14:21] ,34550,0.000,3.994
[22:14:21] ,34560,0.000,3.994
[22:14:21] ,34570,0.000,3.993
[22:14:21] ,34580,0.000,3.993
[22:14:21] ,34590,0.000,3.993
[22:14:21] ,34600,0.000,3.991
[22:14:21] ,34610,0.000,3.991
[22:14:21] ,34620,0.000,3.990
[22:14:21] ,34630,0.000,3.990
[22:14:21] ,34640,0.000,3.990
[22:14:21] ,34650,0.000,3.988
[22:14:21] ,34660,0.000,3.988
[22:14:21] ,34670,0.000,3.988
[22:14:21] ,34680,0.000,3.987
[22:14:21] ,34690,0.000,3.987
[22:14:21] ,34700,0.000,3.987
[22:14:21] ,34710,0.000,3.985
[22:14:21] ,34720,0.000,3.985
[22:14:21] ,34730,0.000,3.984
[22:14:21] ,34740,0.000,3.984
[22:14:21] ,34750,0.000,3.984
[22:14:21] ,34760,0.000,3.984
[22:14:21] ,34770,0.000,3.982
[22:14:21] ,34780,0.000,3.982
[22:14:21] ,34790,0.000,3.982
[22:14:21] ,34800,0.000,3.982
[22:14:21] ,34810,0.000,3.981
[22:14:21] ,34820,0.000,3.981
[22:14:21] ,34830,0.000,3.981
[22:14:21] ,34840,0.000,3.981
[22:14:21] ,34850,0.000,3.981
[22:14:21] ,34860,0.000,3.979
[22:14:21] ,34870,0.000,3.979
[22:14:21] ,34880,0.000,3.979
[22:14:21] ,34890,0.000,3.979
[22:14:21] ,34900,0.000,3.979
[22:14:21] ,34910,0.000,3.979
[22:14:21] ,34920,0.000,3.979
[22:14:21] ,34930,0.000,3.979
[22:14:21] ,34940,0.000,3.979
[22:14:21] ,34950,0.000,3.979
[22:14:21] ,34960,0.000,3.979
[22:14:21] ,34970,0.000,3.979
[22:14:21] ,34980,0.000,3.979
[22:14:21] ,34990,0.000,3.979
[22:14:21] ,35000,0.000,3.981
[22:14:21] ,35010,0.000,3.981
[22:14:21] ,35020,0.000,3.981
[22:14:21] ,35030,0.000,3.981
[22:14:21] ,35040,0.000,3.981
[22:14:21] ,35050,0.000,3.982
[22:14:21] ,35060,0.000,3.982
[22:14:21] ,35070,0.000,3.982
[22:14:21] ,35080,0.000,3.982
[22:14:21] ,35090,0.000,3.984
[22:14:21] ,35100,0.000,3.984
[22:14:21] ,35110,0.000,3.984
[22:14:21] ,35120,0.000,3.984
[22:14:21] ,35130,0.000,3.984
[22:14:21] ,35140,0.000,3.985
[22:14:21] ,35150,0.000,3.985
[22:14:21] ,35160,0.000,3.985
[22:14:21] ,35170,0.000,3.985
[22:14:21] ,35180,0.000,3.985
[22:14:21] ,35190,0.000,3.987
[22:14:21] ,35200,0.000,3.987
[22:14:21] ,35210,0.000,3.987
[22:14:21] ,35220,0.000,3.987
[22:14:21] ,35230,0.000,3.987
[22:14:21] ,35240,0.000,3.987
[22:14:21] ,35250,0.000,3.987
[22:14:21] ,35260,0.000,3.987
[22:14:21] ,35270,0.000,3.987
[22:14:21] ,35280,0.000,3.987
[22:14:21] ,35290,0.000,3.987
[22:14:21] ,35300,0.000,3.987
[22:14:21] ,35310,0.000,3.987
[22:14:21] ,35320,0.000,3.987
[22:14:21] ,35330,0.000,3.987
[22:14:21] ,35340,0.000,3.987
[22:14:21] ,35350,0.000,3.987
[22:14:21] ,35360,0.000,3.987
[22:14:21] ,35370,0.000,3.987
[22:14:21] ,35380,0.000,3.987
[22:14:21] ,35390,0.000,3.985
[22:14:21] ,35400,0.000,3.985
[22:14:21] ,35410,0.000,3.985
[22:14:21] ,35420,0.000,3.985
[22:14:21] ,35430,0.000,3.984
[22:14:21] ,35440,0.000,3.984
[22:14:21] ,35450,0.000,3.984
[22:14:21] ,35460,0.000,3.984
[22:14:21] ,35470,0.000,3.982
[22:14:21] ,35480,0.000,3.982
[22:14:21] ,35490,0.000,3.982
[22:14:21] ,35500,0.000,3.982
[22:14:21] ,35510,0.000,3.981
[22:14:21] ,35520,0.000,3.981
[22:14:21] ,35530,0.000,3.979
[22:14:21] ,35540,0.000,3.979
[22:14:21] ,35550,0.000,3.979
[22:14:21] ,35560,0.000,3.979
[22:14:21] ,35570,0.000,3.979
[22:14:21] ,35580,0.000,3.978
[22:14:21] ,35590,0.000,3.978
[22:14:21] ,35600,0.000,3.978
[22:14:21] ,35610,0.000,3.978
[22:14:21] ,35620,0.000,3.978
[22:14:21] ,35630,0.000,3.976
[22:14:21] ,35640,0.000,3.976
[22:14:21] ,35650,0.000,3.976
[22:14:21] ,35660,0.000,3.976
[22:14:21] ,35670,0.000,3.976
[22:14:21] ,35680,0.000,3.976
[22:14:21] ,35690,0.000,3.976
[22:14:21] ,35700,0.000,3.976
[22:14:21] ,35710,0.000,3.975
[22:14:21] ,35720,0.000,3.975
[22:14:21] ,35730,0.000,3.976
[22:14:21] ,35740,0.000,3.975
[22:14:21] ,35750,0.000,3.975
[22:14:21] ,35760,0.000,3.975
[22:14:21] ,35770,0.000,3.975
[22:14:21] ,35780,0.000,3.975
[22:14:21] ,35790,0.000,3.975
[22:14:21] ,35800,0.000,3.975
[22:14:21] ,35810,0.000,3.975
[22:14:21] ,35820,0.000,3.976
[22:14:21] ,35830,0.000,3.976
[22:14:21] ,35840,0.000,3.976
[22:14:21] ,35850,0.000,3.976
[22:14:21] ,35860,0.000,3.976
[22:14:21] ,35870,0.000,3.976
[22:14:21] ,35880,0.000,3.976
[22:14:21] ,35890,0.000,3.976
[22:14:21] ,35900,0.000,3.976
[22:14:21] ,35910,0.000,3.976
[22:14:21] ,35920,0.000,3.976
[22:14:21] ,35930,0.000,3.978
[22:14:21] ,35940,0.000,3.978
[22:14:21] ,35950,0.000,3.978
[22:14:21] ,35960,0.000,3.978
[22:14:21] ,35970,0.000,3.978
[22:14:21] ,35980,0.000,3.978
[22:14:21] ,35990,0.000,3.978
[22:14:21] ,36000,0.000,3.978
[22:14:21] ,36010,0.000,3.978
[22:14:21] ,36020,0.000,3.978
[22:14:21] ,36030,0.000,3.978
[22:14:21] ,36040,0.000,3.979
[22:14:21] ,36050,0.000,3.979
[22:14:21] ,36060,0.000,3.978
[22:14:21] ,36070,0.000,3.978
[22:14:21] ,36080,0.000,3.979
[22:14:21] ,36090,0.000,3.979
[22:14:21] ,36100,0.000,3.979
[22:14:21] ,36110,0.000,3.979
[22:14:21] ,36120,0.000,3.979
[22:14:21] ,36130,0.000,3.979
[22:14:21] ,36140,0.000,3.979
[22:14:21] ,36150,0.000,3.979
[22:14:21] ,36160,0.000,3.979
[22:14:21] ,36170,0.000,3.978
[22:14:21] ,36180,0.000,3.978
[22:14:21] ,36190,0.000,3.978
[22:14:21] ,36200,0.000,3.978
[22:14:21] ,36210,0.000,3.978
[22:14:21] ,36220,0.000,3.978
[22:14:21] ,36230,0.000,3.978
[22:14:21] ,36240,0.000,3.978
[22:14:21] ,36250,0.000,3.978
[22:14:21] ,36260,0.000,3.978
[22:14:21] ,36270,0.000,3.978
[22:14:21] ,36280,0.000,3.978
[22:14:21] ,36290,0.000,3.978
[22:14:21] ,36300,0.000,3.976
[22:14:21] ,36310,0.000,3.976
[22:14:21] ,36320,0.000,3.976
[22:14:21] ,36330,0.000,3.976
[22:14:21] ,36340,0.000,3.976
[22:14:21] ,36350,0.000,3.976
[22:14:21] ,36360,0.000,3.976
[22:14:21] ,36370,0.000,3.975
[22:14:21] ,36380,0.000,3.975
[22:14:21] ,36390,0.000,3.975
[22:14:21] ,36400,0.000,3.975
[22:14:21] ,36410,0.000,3.975
[22:14:21] ,36420,0.000,3.975
[22:14:21] ,36430,0.000,3.975
[22:14:21] ,36440,0.000,3.975
[22:14:21] ,36450,0.000,3.973
[22:14:21] ,36460,0.000,3.973
[22:14:21] ,36470,0.000,3.973
[22:14:21] ,36480,0.000,3.973
[22:14:21] ,36490,0.000,3.973
[22:14:21] ,36500,0.000,3.973
[22:14:21] ,36510,0.000,3.973
[22:14:21] ,36520,0.000,3.973
[22:14:21] ,36530,0.000,3.973
[22:14:21] ,36540,0.000,3.973
[22:14:21] ,36550,0.000,3.973
[22:14:21] ,36560,0.000,3.973
[22:14:21] ,36570,0.000,3.973
[22:14:21] ,36580,0.000,3.971
[22:14:21] ,36590,0.000,3.971
[22:14:21] ,36600,0.000,3.971
[22:14:21] ,36610,0.000,3.971
[22:14:21] ,36620,0.000,3.971
[22:14:21] ,36630,0.000,3.971
[22:14:21] ,36640,0.000,3.971
[22:14:21] ,36650,0.000,3.971
[22:14:21] ,36660,0.000,3.971
[22:14:21] ,36670,0.000,3.971
[22:14:21] ,36680,0.000,3.971
[22:14:21] ,36690,0.000,3.971
[22:14:21] ,36700,0.000,3.971
[22:14:21] ,36710,0.000,3.971
[22:14:21] ,36720,0.000,3.973
[22:14:21] ,36730,0.000,3.973
[22:14:21] ,36740,0.000,3.973
[22:14:21] ,36750,0.000,3.973
[22:14:21] ,36760,0.000,3.973
[22:14:21] ,36770,0.000,3.973
[22:14:21] ,36780,0.000,3.973
[22:14:21] ,36790,0.000,3.973
[22:14:21] ,36800,0.000,3.973
[22:14:21] ,36810,0.000,3.973
[22:14:21] ,36820,0.000,3.975
[22:14:21] ,36830,0.000,3.973
[22:14:21] ,36840,0.000,3.973
[22:14:21] ,36850,0.000,3.973
[22:14:21] ,36860,0.000,3.975
[22:14:21] ,36870,0.000,3.975
[22:14:21] ,36880,0.000,3.975
[22:14:21] ,36890,0.000,3.975
[22:14:21] ,36900,0.000,3.973
[22:14:21] ,36910,0.000,3.973
[22:14:21] ,36920,0.000,3.973
[22:14:21] ,36930,0.000,3.973
[22:14:21] ,36940,0.000,3.973
[22:14:21] ,36950,0.000,3.973
[22:14:21] ,36960,0.000,3.973
[22:14:21] ,36970,0.000,3.973
[22:14:21] ,36980,0.000,3.973
[22:14:21] ,36990,0.000,3.973
[22:14:21] ,37000,0.000,3.973
[22:14:21] ,37010,0.000,3.973
[22:14:21] ,37020,0.000,3.973
[22:14:21] ,37030,0.000,3.973
[22:14:21] ,37040,0.000,3.973
[22:14:21] ,37050,0.000,3.973
[22:14:21] ,37060,0.000,3.973
[22:14:21] ,37070,0.000,3.973
[22:14:21] ,37080,0.000,3.973
[22:14:21] ,37090,0.000,3.973
[22:14:21] ,37100,0.000,3.973
[22:14:21] ,37110,0.000,3.971
[22:14:21] ,37120,0.000,3.971
[22:14:21] ,37130,0.000,3.971
[22:14:21] ,37140,0.000,3.971
[22:14:21] ,37150,0.000,3.971
[22:14:21] ,37160,0.000,3.971
[22:14:21] ,37170,0.000,3.971
[22:14:21] ,37180,0.000,3.971
[22:14:21] ,37190,0.000,3.971
[22:14:21] ,37200,0.000,3.971
[22:14:21] ,37210,0.000,3.971
[22:14:21] ,37220,0.000,3.970
[22:14:21] ,37230,0.000,3.970
[22:14:21] ,37240,0.000,3.970
[22:14:21] ,37250,0.000,3.970
[22:14:21] ,37260,0.000,3.970
[22:14:21] ,37270,0.000,3.970
[22:14:21] ,37280,0.000,3.970
[22:14:21] ,37290,0.000,3.970
[22:14:21] ,37300,0.000,3.970
[22:14:21] ,37310,0.000,3.970
[22:14:21] ,37320,0.000,3.970
[22:14:21] ,37330,0.000,3.970
[22:14:21] ,37340,0.000,3.968
[22:14:21] ,37350,0.000,3.970
[22:14:21] ,37360,0.000,3.968
[22:14:21] ,37370,0.000,3.968
[22:14:21] ,37380,0.000,3.968
[22:14:21] ,37390,0.000,3.968
[22:14:21] ,37400,0.000,3.968
[22:14:21] ,37410,0.000,3.968
[22:14:21] ,37420,0.000,3.968
[22:14:21] ,37430,0.000,3.968
[22:14:21] ,37440,0.000,3.968
[22:14:21] ,37450,0.000,3.968
[22:14:21] ,37460,0.000,3.968
[22:14:21] ,37470,0.000,3.968
[22:14:21] ,37480,0.000,3.968
[22:14:21] ,37490,0.000,3.968
[22:14:21] ,37500,0.000,3.968
[22:14:21] ,37510,0.000,3.968
[22:14:21] ,37520,0.000,3.968
[22:14:21] ,37530,0.000,3.968
[22:14:21] ,37540,0.000,3.970
[22:14:21] ,37550,0.000,3.970
[22:14:21] ,37560,0.000,3.970
[22:14:21] ,37570,0.000,3.970
[22:14:21] ,37580,0.000,3.970
[22:14:21] ,37590,0.000,3.970
[22:14:21] ,37600,0.000,3.970
[22:14:21] ,37610,0.000,3.970
[22:14:21] ,37620,0.000,3.970
[22:14:21] ,37630,0.000,3.970
[22:14:21] ,37640,0.000,3.970
[22:14:21] ,37650,0.000,3.970
[22:14:21] ,37660,0.000,3.970
[22:14:21] ,37670,0.000,3.970
[22:14:21] ,37680,0.000,3.970
[22:14:21] ,37690,0.000,3.970
[22:14:21] ,37700,0.000,3.970
[22:14:21] ,37710,0.000,3.970
[22:14:21] ,37720,0.000,3.970
[22:14:21] ,37730,0.000,3.970
[22:14:21] ,37740,0.000,3.970
[22:14:21] ,37750,0.000,3.970
[22:14:21] ,37760,0.000,3.970
[22:14:21] ,37770,0.000,3.970
[22:14:21] ,37780,0.000,3.970
[22:14:21] ,37790,0.000,3.970
[22:14:21] ,37800,0.000,3.970
[22:14:21] ,37810,0.000,3.970
[22:14:21] ,37820,0.000,3.970
[22:14:21] ,37830,0.000,3.970
[22:14:21] ,37840,0.000,3.970
[22:14:21] ,37850,0.000,3.968
[22:14:22] ,37860,0.000,3.968
[22:14:22] ,37870,0.000,3.968
[22:14:22] ,37880,0.000,3.968
[22:14:22] ,37890,0.000,3.968
[22:14:22] ,37900,0.000,3.968
[22:14:22] ,37910,0.000,3.968
[22:14:22] ,37920,0.000,3.968
[22:14:22] ,37930,0.000,3.968
[22:14:22] ,37940,0.000,3.968
[22:14:22] ,37950,0.000,3.968
[22:14:22] ,37960,0.000,3.968
[22:14:22] ,37970,0.000,3.968
[22:14:22] ,37980,0.000,3.968
[22:14:22] ,37990,0.000,3.968
[22:14:22] ,38000,0.000,3.968
[22:14:22] ,38010,0.000,3.968
[22:14:22] ,38020,0.000,3.968
[22:14:22] ,38030,0.000,3.968
[22:14:22] ,38040,0.000,3.967
[22:14:22] ,38050,0.000,3.968
[22:14:22] ,38060,0.000,3.968
[22:14:22] ,38070,0.000,3.967
[22:14:22] ,38080,0.000,3.967
[22:14:22] ,38090,0.000,3.967
[22:14:22] ,38100,0.000,3.967
[22:14:22] ,38110,0.000,3.967
[22:14:22] ,38120,0.000,3.967
[22:14:22] ,38130,0.000,3.967
[22:14:22] ,38140,0.000,3.967
[22:14:22] ,38150,0.000,3.967
[22:14:22] ,38160,0.000,3.967
[22:14:22] ,38170,0.000,3.967
[22:14:22] ,38180,0.000,3.967
[22:14:22] ,38190,0.000,3.967
[22:14:22] ,38200,0.000,3.967
[22:14:22] ,38210,0.000,3.967
[22:14:22] ,38220,0.000,3.967
[22:14:22] ,38230,0.000,3.967
[22:14:22] ,38240,0.000,3.967
[22:14:22] ,38250,0.000,3.967
[22:14:22] ,38260,0.000,3.967
[22:14:22] ,38270,0.000,3.967
[22:14:22] ,38280,0.000,3.967
[22:14:22] ,38290,0.000,3.967
[22:14:22] ,38300,0.000,3.967
[22:14:22] ,38310,0.000,3.967
[22:14:22] ,38320,0.000,3.967
[22:14:22] ,38330,0.000,3.967
[22:14:22] ,38340,0.000,3.967
[22:14:22] ,38350,0.000,3.967
[22:14:22] ,38360,0.000,3.967
[22:14:22] ,38370,0.000,3.967
[22:14:22] ,38380,0.000,3.967
[22:14:22] ,38390,0.000,3.967
[22:14:22] ,38400,0.000,3.967
[22:14:22] ,38410,0.000,3.967
[22:14:22] ,38420,0.000,3.967
[22:14:22] ,38430,0.000,3.967
[22:14:22] ,38440,0.000,3.967
[22:14:22] ,38450,0.000,3.967
[22:14:22] ,38460,0.000,3.967
[22:14:22] ,38470,0.000,3.967
[22:14:22] ,38480,0.000,3.967
[22:14:22] ,38490,0.000,3.967
[22:14:22] ,38500,0.000,3.967
[22:14:22] ,38510,0.000,3.967
[22:14:22] ,38520,0.000,3.967
[22:14:22] ,38530,0.000,3.967
[22:14:22] ,38540,0.000,3.967
[22:14:22] ,38550,0.000,3.967
[22:14:22] ,38560,0.000,3.967
[22:14:22] ,38570,0.000,3.967
[22:14:22] ,38580,0.000,3.967
[22:14:22] ,38590,0.000,3.967
[22:14:22] ,38600,0.000,3.967
[22:14:22] ,38610,0.000,3.967
[22:14:22] ,38620,0.000,3.967
[22:14:22] ,38630,0.000,3.967
[22:14:22] ,38640,0.000,3.967
[22:14:22] ,38650,0.000,3.967
[22:14:22] ,38660,0.000,3.967
[22:14:22] ,38670,0.000,3.967
[22:14:22] ,38680,0.000,3.967
[22:14:22] ,38690,0.000,3.967
[22:14:22] ,38700,0.000,3.967
[22:14:22] ,38710,0.000,3.967
[22:14:22] ,38720,0.000,3.967
[22:14:22] ,38730,0.000,3.967
[22:14:22] ,38740,0.000,3.967
[22:14:22] ,38750,0.000,3.967
[22:14:22] ,38760,0.000,3.967
[22:14:22] ,38770,0.000,3.967
[22:14:22] ,38780,0.000,3.967
[22:14:22] ,38790,0.000,3.967
[22:14:22] ,38800,0.000,3.967
[22:14:22] ,38810,0.000,3.967
[22:14:22] ,38820,0.000,3.965
[22:14:22] ,38830,0.000,3.967
[22:14:22] ,38840,0.000,3.967
[22:14:22] ,38850,0.000,3.967
[22:14:22] ,38860,0.000,3.965
[22:14:22] ,38870,0.000,3.965
[22:14:22] ,38880,0.000,3.965
[22:14:22] ,38890,0.000,3.965
[22:14:22] ,38900,0.000,3.965
[22:14:22] ,38910,0.000,3.965
[22:14:22] ,38920,0.000,3.965
[22:14:22] ,38930,0.000,3.965
[22:14:22] ,38940,0.000,3.965
[22:14:22] ,38950,0.000,3.965
[22:14:22] ,38960,0.000,3.965
[22:14:22] ,38970,0.000,3.965
[22:14:22] ,38980,0.000,3.965
[22:14:22] ,38990,0.000,3.965
[22:14:22] ,39000,0.000,3.965
[22:14:22] ,39010,0.000,3.965
[22:14:22] ,39020,0.000,3.965
[22:14:22] ,39030,0.000,3.965
[22:14:22] ,39040,0.000,3.965
[22:14:22] ,39050,0.000,3.965
[22:14:22] ,39060,0.000,3.965
[22:14:22] ,39070,0.000,3.965
[22:14:22] ,39080,0.000,3.965
[22:14:22] ,39090,0.000,3.965
[22:14:22] ,39100,0.000,3.965
[22:14:22] ,39110,0.000,3.965
[22:14:22] ,39120,0.000,3.965
[22:14:22] ,39130,0.000,3.965
[22:14:22] ,39140,0.000,3.965
[22:14:22] ,39150,0.000,3.965
[22:14:22] ,39160,0.000,3.965
[22:14:22] ,39170,0.000,3.965
[22:14:22] ,39180,0.000,3.965
[22:14:22] ,39190,0.000,3.965
[22:14:22] ,39200,0.000,3.965
[22:14:22] ,39210,0.000,3.965
[22:14:22] ,39220,0.000,3.965
[22:14:22] ,39230,0.000,3.965
[22:14:22] ,39240,0.000,3.965
[22:14:22] ,39250,0.000,3.965
[22:14:22] ,39260,0.000,3.965
[22:14:22] ,39270,0.000,3.965
[22:14:22] ,39280,0.000,3.965
[22:14:22] ,39290,0.000,3.965
[22:14:22] ,39300,0.000,3.965
[22:14:22] ,39310,0.000,3.965
[22:14:22] ,39320,0.000,3.965
[22:14:22] ,39330,0.000,3.965
[22:14:22] ,39340,0.000,3.965
[22:14:22] ,39350,0.000,3.965
[22:14:22] ,39360,0.000,3.965
[22:14:22] ,39370,0.000,3.965
[22:14:22] ,39380,0.000,3.965
[22:14:22] ,39390,0.000,3.965
[22:14:22] ,39400,0.000,3.965
[22:14:22] ,39410,0.000,3.965
[22:14:22] ,39420,0.000,3.965
[22:14:22] ,39430,0.000,3.965
[22:14:22] ,39440,0.000,3.965
[22:14:22] ,39450,0.000,3.965
[22:14:22] ,39460,0.000,3.965
[22:14:22] ,39470,0.000,3.965
[22:14:22] ,39480,0.000,3.965
[22:14:22] ,39490,0.000,3.965
[22:14:22] ,39500,0.000,3.965
[22:14:22] ,39510,0.000,3.965
[22:14:22] ,39520,0.000,3.965
[22:14:22] ,39530,0.000,3.965
[22:14:22] ,39540,0.000,3.964
[22:14:22] ,39550,0.000,3.964
[22:14:22] ,39560,0.000,3.964
[22:14:22] ,39570,0.000,3.964
[22:14:22] ,39580,0.000,3.964
[22:14:22] ,39590,0.000,3.964
[22:14:22] ,39600,0.000,3.964
[22:14:22] ,39610,0.000,3.964
[22:14:22] ,39620,0.000,3.964
[22:14:22] ,39630,0.000,3.964
[22:14:22] ,39640,0.000,3.964
[22:14:22] ,39650,0.000,3.964
[22:14:22] ,39660,0.000,3.964
[22:14:22] ,39670,0.000,3.964
[22:14:22] ,39680,0.000,3.964
[22:14:22] ,39690,0.000,3.964
[22:14:22] ,39700,0.000,3.964
[22:14:22] ,39710,0.000,3.964
[22:14:22] ,39720,0.000,3.964
[22:14:22] ,39730,0.000,3.964
[22:14:22] ,39740,0.000,3.964
[22:14:22] ,39750,0.000,3.964
[22:14:22] ,39760,0.000,3.962
[22:14:22] ,39770,0.000,3.964
[22:14:22] ,39780,0.000,3.964
[22:14:22] ,39790,0.000,3.964
[22:14:22] ,39800,0.000,3.964
[22:14:22] ,39810,0.000,3.964
[22:14:22] ,39820,0.000,3.964
[22:14:22] ,39830,0.000,3.964
[22:14:22] ,39840,0.000,3.964
[22:14:22] ,39850,0.000,3.964
[22:14:22] ,39860,0.000,3.964
[22:14:22] ,39870,0.000,3.964
[22:14:22] ,39880,0.000,3.964
[22:14:22] ,39890,0.000,3.964
[22:14:22] ,39900,0.000,3.964
[22:14:22] ,39910,0.000,3.964
[22:14:22] ,39920,0.000,3.964
[22:14:22] ,39930,0.000,3.964
[22:14:22] ,39940,0.000,3.964
[22:14:22] ,39950,0.000,3.965
[22:14:22] ,39960,0.000,3.965
[22:14:22] ,39970,0.000,3.965
[22:14:22] ,39980,0.000,3.965
[22:14:22] ,39990,0.000,3.965
[22:14:22] ,40000,0.000,3.965
[22:14:22] ,40010,0.000,3.965
[22:14:22] ,40020,0.000,3.965
[22:14:22] ,40030,0.000,3.965
[22:14:22] ,40040,0.000,3.965
[22:14:22] ,40050,0.000,3.965
[22:14:22] ,40060,0.000,3.965
[22:14:22] ,40070,0.000,3.965
[22:14:22] ,40080,0.000,3.965
[22:14:22] ,40090,0.000,3.965
[22:14:22] ,40100,0.000,3.965
[22:14:22] ,40110,0.000,3.965
[22:14:22] ,40120,0.000,3.965
[22:14:22] ,40130,0.000,3.965
[22:14:22] ,40140,0.000,3.965
[22:14:22] ,40150,0.000,3.965
[22:14:22] ,40160,0.000,3.964
[22:14:22] ,40170,0.000,3.964
[22:14:22] ,40180,0.000,3.964
[22:14:22] ,40190,0.000,3.964
[22:14:22] ,40200,0.000,3.964
[22:14:22] ,40210,0.000,3.964
[22:14:22] ,40220,0.000,3.964
[22:14:22] ,40230,0.000,3.964
[22:14:22] ,40240,0.000,3.964
[22:14:22] ,40250,0.000,3.964
[22:14:22] ,40260,0.000,3.964
[22:14:22] ,40270,0.000,3.964
[22:14:22] ,40280,0.000,3.964
[22:14:22] ,40290,0.000,3.964
[22:14:22] ,40300,0.000,3.962
[22:14:22] ,40310,0.000,3.962
[22:14:22] ,40320,0.000,3.962
[22:14:22] ,40330,0.000,3.962
[22:14:22] ,40340,0.000,3.962
[22:14:22] ,40350,0.000,3.962
[22:14:22] ,40360,0.000,3.962
[22:14:22] ,40370,0.000,3.962
[22:14:22] ,40380,0.000,3.962
[22:14:22] ,40390,0.000,3.962
[22:14:22] ,40400,0.000,3.962
[22:14:22] ,40410,0.000,3.962
[22:14:22] ,40420,0.000,3.962
[22:14:22] ,40430,0.000,3.962
[22:14:22] ,40440,0.000,3.962
[22:14:22] ,40450,0.000,3.962
[22:14:22] ,40460,0.000,3.962
[22:14:22] ,40470,0.000,3.962
[22:14:22] ,40480,0.000,3.962
[22:14:22] ,40490,0.000,3.962
[22:14:22] ,40500,0.000,3.962
[22:14:22] ,40510,0.000,3.962
[22:14:22] ,40520,0.000,3.962
[22:14:22] ,40530,0.000,3.962
[22:14:22] ,40540,0.000,3.962
[22:14:22] ,40550,0.000,3.962
[22:14:22] ,40560,0.000,3.962
[22:14:22] ,40570,0.000,3.962
[22:14:22] ,40580,0.000,3.962
[22:14:22] ,40590,0.000,3.962
[22:14:22] ,40600,0.000,3.962
[22:14:22] ,40610,0.000,3.962
[22:14:22] ,40620,0.000,3.962
[22:14:22] ,40630,0.000,3.962
[22:14:22] ,40640,0.000,3.962
[22:14:22] ,40650,0.000,3.962
[22:14:22] ,40660,0.000,3.962
[22:14:22] ,40670,0.000,3.962
[22:14:22] ,40680,0.000,3.962
[22:14:22] ,40690,0.000,3.962
[22:14:22] ,40700,0.000,3.964
[22:14:22] ,40710,0.000,3.962
[22:14:22] ,40720,0.000,3.962
[22:14:22] ,40730,0.000,3.964
[22:14:22] ,40740,0.000,3.964
[22:14:22] ,40750,0.000,3.964
[22:14:22] ,40760,0.000,3.964
[22:14:22] ,40770,0.000,3.964
[22:14:22] ,40780,0.000,3.964
[22:14:22] ,40790,0.000,3.962
[22:14:22] ,40800,0.000,3.964
[22:14:22] ,40810,0.000,3.964
[22:14:22] ,40820,0.000,3.964
[22:14:22] ,40830,0.000,3.964
[22:14:22] ,40840,0.000,3.964
[22:14:22] ,40850,0.000,3.964
[22:14:22] ,40860,0.000,3.964
[22:14:22] ,40870,0.000,3.964
[22:14:22] ,40880,0.000,3.964
[22:14:22] ,40890,0.000,3.964
[22:14:22] ,40900,0.000,3.962
[22:14:22] ,40910,0.000,3.962
[22:14:22] ,40920,0.000,3.964
[22:14:22] ,40930,0.000,3.962
[22:14:22] ,40940,0.000,3.962
[22:14:22] ,40950,0.000,3.962
[22:14:22] ,40960,0.000,3.962
[22:14:22] ,40970,0.000,3.962
[22:14:22] ,40980,0.000,3.964
[22:14:22] ,40990,0.000,3.962
[22:14:22] ,41000,0.000,3.962
[22:14:22] ,41010,0.000,3.962
[22:14:22] ,41020,0.000,3.962
[22:14:22] ,41030,0.000,3.962
[22:14:22] ,41040,0.000,3.962
[22:14:22] ,41050,0.000,3.962
[22:14:22] ,41060,0.000,3.962
[22:14:22] ,41070,0.000,3.962
[22:14:22] ,41080,0.000,3.962
[22:14:22] ,41090,0.000,3.962
[22:14:22] ,41100,0.000,3.962
[22:14:22] ,41110,0.000,3.962
[22:14:22] ,41120,0.000,3.962
[22:14:22] ,41130,0.000,3.962
[22:14:22] ,41140,0.000,3.962
[22:14:22] ,41150,0.000,3.962
[22:14:22] ,41160,0.000,3.962
[22:14:22] ,41170,0.000,3.962
[22:14:22] ,41180,0.000,3.962
[22:14:22] ,41190,0.000,3.962
[22:14:22] ,41200,0.000,3.962
[22:14:22] ,41210,0.000,3.962
[22:14:22] ,41220,0.000,3.962
[22:14:22] ,41230,0.000,3.962
[22:14:22] ,41240,0.000,3.962
[22:14:22] ,41250,0.000,3.962
[22:14:22] ,41260,0.000,3.962
[22:14:22] ,41270,0.000,3.962
[22:14:22] ,41280,0.000,3.962
[22:14:22] ,41290,0.000,3.962
[22:14:22] ,41300,0.000,3.964
[22:14:22] ,41310,0.000,3.964
[22:14:22] ,41320,0.000,3.964
[22:14:22] ,41330,0.000,3.964
[22:14:22] ,41340,0.000,3.964
[22:14:22] ,41350,0.000,3.964
[22:14:22] ,41360,0.000,3.964
[22:14:22] ,41370,0.000,3.964
[22:14:22] ,41380,0.000,3.964
[22:14:22] ,41390,0.000,3.964
[22:14:22] ,41400,0.000,3.964
[22:14:22] ,41410,0.000,3.964
[22:14:22] ,41420,0.000,3.964
[22:14:22] ,41430,0.000,3.964
[22:14:22] ,41440,0.000,3.964
[22:14:22] ,41450,0.000,3.964
[22:14:22] ,41460,0.000,3.964
[22:14:22] ,41470,0.000,3.964
[22:14:22] ,41480,0.000,3.964
[22:14:22] ,41490,0.000,3.962
[22:14:22] ,41500,0.000,3.964
[22:14:22] ,41510,0.000,3.964
[22:14:22] ,41520,0.000,3.962
[22:14:22] ,41530,0.000,3.962
[22:14:22] ,41540,0.000,3.964
[22:14:22] ,41550,0.000,3.964
[22:14:22] ,41560,0.000,3.962
[22:14:22] ,41570,0.000,3.962
[22:14:22] ,41580,0.000,3.964
[22:14:22] ,41590,0.000,3.964
[22:14:22] ,41600,0.000,3.962
[22:14:22] ,41610,0.000,3.962
[22:14:22] ,41620,0.000,3.962
[22:14:22] ,41630,0.000,3.962
[22:14:22] ,41640,0.000,3.962
[22:14:22] ,41650,0.000,3.962
[22:14:22] ,41660,0.000,3.962
[22:14:22] ,41670,0.000,3.962
[22:14:22] ,41680,0.000,3.962
[22:14:22] ,41690,0.000,3.962
[22:14:22] ,41700,0.000,3.962
[22:14:22] ,41710,0.000,3.962
[22:14:22] ,41720,0.000,3.962
[22:14:22] ,41730,0.000,3.964
[22:14:22] ,41740,0.000,3.964
[22:14:22] ,41750,0.000,3.964
[22:14:22] ,41760,0.000,3.964
[22:14:22] ,41770,0.000,3.964
[22:14:22] ,41780,0.000,3.964
[22:14:22] ,41790,0.000,3.964
[22:14:22] ,41800,0.000,3.964
[22:14:22] ,41810,0.000,3.962
[22:14:22] ,41820,0.000,3.962
[22:14:22] ,41830,0.000,3.964
[22:14:22] ,41840,0.000,3.964
[22:14:22] ,41850,0.000,3.964
[22:14:22] ,41860,0.000,3.964
[22:14:22] ,41870,0.000,3.962
[22:14:22] ,41880,0.000,3.964
[22:14:22] ,41890,0.000,3.962
[22:14:22] ,41900,0.000,3.962
[22:14:22] ,41910,0.000,3.962
[22:14:22] ,41920,0.000,3.962
[22:14:22] ,41930,0.000,3.962
[22:14:22] ,41940,0.000,3.962
[22:14:22] ,41950,0.000,3.962
[22:14:22] ,41960,0.000,3.964
[22:14:22] ,41970,0.000,3.964
[22:14:22] ,41980,0.000,3.964
[22:14:22] ,41990,0.000,3.962
[22:14:22] ,42000,0.000,3.962
[22:14:22] ,42010,0.000,3.962
[22:14:22] ,42020,0.000,3.962
[22:14:22] ,42030,0.000,3.962
[22:14:22] ,42040,0.000,3.964
[22:14:22] ,42050,0.000,3.964
[22:14:22] ,42060,0.000,3.964
[22:14:22] ,42070,0.000,3.964
[22:14:22] ,42080,0.000,3.962
[22:14:22] ,42090,0.000,3.962
[22:14:22] ,42100,0.000,3.962
[22:14:22] ,42110,0.000,3.962
[22:14:22] ,42120,0.000,3.962
[22:14:22] ,42130,0.000,3.962
[22:14:22] ,42140,0.000,3.962
[22:14:22] ,42150,0.000,3.964
[22:14:22] ,42160,0.000,3.964
[22:14:22] ,42170,0.000,3.964
[22:14:22] ,42180,0.000,3.964
[22:14:22] ,42190,0.000,3.964
[22:14:22] ,42200,0.000,3.964
[22:14:22] ,42210,0.000,3.964
[22:14:22] ,42220,0.000,3.962
[22:14:22] ,42230,0.000,3.962
[22:14:22] ,42240,0.000,3.962
[22:14:22] ,42250,0.000,3.962
[22:14:22] ,42260,0.000,3.962
[22:14:22] ,42270,0.000,3.962
[22:14:22] ,42280,0.000,3.964
[22:14:22] ,42290,0.000,3.964
[22:14:22] ,42300,0.000,3.964
[22:14:22] ,42310,0.000,3.964
[22:14:22] ,42320,0.000,3.962
[22:14:22] ,42330,0.000,3.962
[22:14:22] ,42340,0.000,3.962
[22:14:22] ,42350,0.000,3.962
[22:14:22] ,42360,0.000,3.962
[22:14:22] ,42370,0.000,3.962
[22:14:22] ,42380,0.000,3.962
[22:14:22] ,42390,0.000,3.962
[22:14:22] ,42400,0.000,3.964
[22:14:22] ,42410,0.000,3.964
[22:14:22] ,42420,0.000,3.964
[22:14:22] ,42430,0.000,3.964
[22:14:22] ,42440,0.000,3.964
[22:14:22] ,42450,0.000,3.964
[22:14:22] ,42460,0.000,3.964
[22:14:22] ,42470,0.000,3.964
[22:14:22] ,42480,0.000,3.964
[22:14:22] ,42490,0.000,3.964
[22:14:22] ,42500,0.000,3.964
[22:14:22] ,42510,0.000,3.962
[22:14:22] ,42520,0.000,3.962
[22:14:22] ,42530,0.000,3.962
[22:14:22] ,42540,0.000,3.962
[22:14:22] ,42550,0.000,3.962
[22:14:22] ,42560,0.000,3.962
[22:14:22] ,42570,0.000,3.964
[22:14:22] ,42580,0.000,3.962
[22:14:22] ,42590,0.000,3.962
[22:14:22] ,42600,0.000,3.964
[22:14:22] ,42610,0.000,3.964
[22:14:22] ,42620,0.000,3.962
[22:14:22] ,42630,0.000,3.962
[22:14:22] ,42640,0.000,3.962
[22:14:22] ,42650,0.000,3.964
[22:14:22] ,42660,0.000,3.962
[22:14:22] ,42670,0.000,3.962
[22:14:22] ,42680,0.000,3.962
[22:14:22] ,42690,0.000,3.962
[22:14:22] ,42700,0.000,3.962
[22:14:22] ,42710,0.000,3.962
[22:14:22] ,42720,0.000,3.964
[22:14:22] ,42730,0.000,3.964
[22:14:22] ,42740,0.000,3.962
[22:14:22] ,42750,0.000,3.962
[22:14:22] ,42760,0.000,3.962
[22:14:22] ,42770,0.000,3.962
[22:14:22] ,42780,0.000,3.962
[22:14:22] ,42790,0.000,3.962
[22:14:22] ,42800,0.000,3.964
[22:14:22] ,42810,0.000,3.964
[22:14:22] ,42820,0.000,3.962
[22:14:22] ,42830,0.000,3.964
[22:14:22] ,42840,0.000,3.962
[22:14:22] ,42850,0.000,3.962
[22:14:22] ,42860,0.000,3.964
[22:14:22] ,42870,0.000,3.964
[22:14:22] ,42880,0.000,3.964
[22:14:22] ,42890,0.000,3.964
[22:14:22] ,42900,0.000,3.964
[22:14:22] ,42910,0.000,3.964
[22:14:22] ,42920,0.000,3.964
[22:14:22] ,42930,0.000,3.964
[22:14:22] ,42940,0.000,3.964
[22:14:22] ,42950,0.000,3.964
[22:14:22] ,42960,0.000,3.964
[22:14:22] ,42970,0.000,3.962
[22:14:22] ,42980,0.000,3.962
[22:14:22] ,42990,0.000,3.962
[22:14:22] ,43000,0.000,3.962
[22:14:22] ,43010,0.000,3.962
[22:14:22] ,43020,0.000,3.962
[22:14:22] ,43030,0.000,3.962
[22:14:22] ,43040,0.000,3.962
[22:14:22] ,43050,0.000,3.962
[22:14:22] ,43060,0.000,3.962
[22:14:22] ,43070,0.000,3.962
[22:14:22] ,43080,0.000,3.964
[22:14:22] ,43090,0.000,3.962
[22:14:22] ,43100,0.000,3.962
[22:14:22] ,43110,0.000,3.962
[22:14:22] ,43120,0.000,3.962
[22:14:22] ,43130,0.000,3.962
[22:14:22] ,43140,0.000,3.964
[22:14:22] ,43150,0.000,3.964
[22:14:22] ,43160,0.000,3.964
[22:14:22] ,43170,0.000,3.964
[22:14:22] ,43180,0.000,3.964
[22:14:22] ,43190,0.000,3.964
[22:14:22] ,43200,0.000,3.964