[17:40:46] ,59710,0.000,2.749
[17:40:46] ,59720,0.000,2.749
[17:40:46] ,59730,0.000,2.749
[17:40:46] ,59740,0.000,2.749
[17:40:46] ,59750,0.000,2.749
[17:40:46] ,59760,0.002,2.749
[17:40:46] ,59770,0.003,2.749
[17:40:46] ,59780,0.006,2.749
[17:40:46] ,59790,0.011,2.749
[17:40:46] ,59800,0.017,2.749
[17:40:46] ,59810,0.026,2.749
[17:40:46] ,59820,0.037,2.747
[17:40:46] ,59830,0.052,2.749
[17:40:46] ,59840,0.069,2.747
[17:40:46] ,59850,0.087,2.747
[17:40:46] ,59860,0.112,2.747
[17:40:46] ,59870,0.137,2.747
[17:40:46] ,59880,0.167,2.747
[17:40:46] ,59890,0.195,2.747
[17:40:46] ,59900,0.230,2.747
[17:40:46] ,59910,0.262,2.747
[17:40:46] ,59920,0.296,2.747
[17:40:46] ,59930,0.336,2.747
[17:40:46] ,59940,0.373,2.747
[17:40:46] ,59950,0.414,2.747
[17:40:46] ,59960,0.453,2.747
[17:40:46] ,59970,0.492,2.747
[17:40:46] ,59980,0.538,2.747
[17:40:46] ,59990,0.577,2.747
[17:40:46] ,60000,0.623,2.749
[17:40:46] ,60010,0.663,2.749
[17:40:46] ,60020,0.703,2.749
[17:40:46] ,60030,0.746,2.749
[17:40:46] ,60040,0.782,2.750
[17:40:46] ,60050,0.824,2.750
[17:40:46] ,60060,0.857,2.750
[17:40:46] ,60070,0.893,2.752
[17:40:46] ,60080,0.923,2.752
[17:40:46] ,60090,0.951,2.752
[17:40:46] ,60100,0.979,2.753
[17:40:46] ,60110,1.002,2.753
[17:40:46] ,60120,1.025,2.753
[17:40:46] ,60130,1.040,2.753
[17:40:46] ,60140,1.054,2.755
[17:40:46] ,60150,1.066,2.755
[17:40:46] ,60160,1.072,2.755
[17:40:46] ,60170,1.077,2.755
[17:40:46] ,60180,1.080,2.755
[17:40:46] ,60190,1.080,2.755
[17:40:46] ,60200,1.078,2.753
[17:40:46] ,60210,1.075,2.753
[17:40:46] ,60220,1.072,2.752
[17:40:46] ,60230,1.068,2.752
[17:40:46] ,60240,1.063,2.750
[17:40:46] ,60250,1.060,2.750
[17:40:46] ,60260,1.055,2.749
[17:40:46] ,60270,1.051,2.747
[17:40:46] ,60280,1.048,2.747
[17:40:46] ,60290,1.043,2.746
[17:40:46] ,60300,1.040,2.746
[17:40:46] ,60310,1.037,2.744
[17:40:46] ,60320,1.034,2.744
[17:40:46] ,60330,1.032,2.744
[17:40:46] ,60340,1.029,2.744
[17:40:46] ,60350,1.028,2.744
[17:40:46] ,60360,1.026,2.744
[17:40:46] ,60370,1.025,2.744
[17:40:46] ,60380,1.023,2.744
[17:40:46] ,60390,1.023,2.744
[17:40:46] ,60400,1.022,2.744
[17:40:46] ,60410,1.022,2.746
[17:40:46] ,60420,1.022,2.746
[17:40:46] ,60430,1.022,2.747
[17:40:46] ,60440,1.022,2.747
[17:40:46] ,60450,1.022,2.747
[17:40:46] ,60460,1.022,2.747
[17:40:46] ,60470,1.022,2.747
[17:40:46] ,60480,1.023,2.747
[17:40:46] ,60490,1.022,2.747
[17:40:46] ,60500,1.022,2.747
[17:40:46] ,60510,1.022,2.747
[17:40:46] ,60520,1.022,2.749
[17:40:46] ,60530,1.022,2.749
[17:40:46] ,60540,1.022,2.749
[17:40:46] ,60550,1.022,2.749
[17:40:46] ,60560,1.022,2.749
[17:40:46] ,60570,1.022,2.749
[17:40:46] ,60580,1.022,2.749
[17:40:46] ,60590,1.022,2.749
[17:40:46] ,60600,1.022,2.750
[17:40:46] ,60610,1.022,2.749
[17:40:46] ,60620,1.022,2.749
[17:40:46] ,60630,1.022,2.749
[17:40:46] ,60640,1.022,2.749
[17:40:46] ,60650,1.020,2.749
[17:40:46] ,60660,1.020,2.750
[17:40:46] ,60670,1.020,2.750
[17:40:46] ,60680,1.020,2.750
[17:40:46] ,60690,1.019,2.750
[17:40:46] ,60700,1.019,2.750
[17:40:46] ,60710,1.019,2.750
[17:40:46] ,60720,1.019,2.750
[17:40:46] ,60730,1.019,2.750
[17:40:46] ,60740,1.020,2.750
[17:40:46] ,60750,1.020,2.750
[17:40:46] ,60760,1.020,2.750
[17:40:46] ,60770,1.022,2.750
[17:40:46] ,60780,1.020,2.750
[17:40:46] ,60790,1.020,2.750
[17:40:46] ,60800,1.020,2.750
[17:40:46] ,60810,1.019,2.749
[17:40:46] ,60820,1.019,2.749
[17:40:46] ,60830,1.019,2.749
[17:40:46] ,60840,1.019,2.749
[17:40:46] ,60850,1.019,2.749
[17:40:46] ,60860,1.019,2.749
[17:40:46] ,60870,1.019,2.749
[17:40:46] ,60880,1.019,2.749
[17:40:46] ,60890,1.017,2.749
[17:40:46] ,60900,1.019,2.749
[17:40:46] ,60910,1.019,2.749
[17:40:46] ,60920,1.017,2.749
[17:40:46] ,60930,1.017,2.749
[17:40:46] ,60940,1.017,2.749
[17:40:46] ,60950,1.017,2.749
[17:40:46] ,60960,1.017,2.749
[17:40:46] ,60970,1.017,2.747
[17:40:46] ,60980,1.017,2.747
[17:40:46] ,60990,1.017,2.747
[17:40:46] ,61000,1.015,2.747
[17:40:46] ,61010,1.015,2.747
[17:40:46] ,61020,1.015,2.747
[17:40:46] ,61030,1.015,2.747
[17:40:46] ,61040,1.015,2.747
[17:40:46] ,61050,1.015,2.747
[17:40:46] ,61060,1.015,2.747
[17:40:46] ,61070,1.015,2.747
[17:40:46] ,61080,1.015,2.747
[17:40:46] ,61090,1.015,2.747
[17:40:46] ,61100,1.015,2.747
[17:40:46] ,61110,1.015,2.747
[17:40:46] ,61120,1.015,2.747
[17:40:46] ,61130,1.017,2.747
[17:40:46] ,61140,1.017,2.747
[17:40:46] ,61150,1.017,2.749
[17:40:46] ,61160,1.017,2.749
[17:40:46] ,61170,1.017,2.749
[17:40:46] ,61180,1.015,2.749
[17:40:46] ,61190,1.015,2.749
[17:40:46] ,61200,1.015,2.749
[17:40:46] ,61210,1.015,2.749
[17:40:46] ,61220,1.015,2.749
[17:40:46] ,61230,1.015,2.749
[17:40:46] ,61240,1.015,2.749
[17:40:46] ,61250,1.015,2.749
[17:40:46] ,61260,1.015,2.749
[17:40:46] ,61270,1.014,2.749
[17:40:46] ,61280,1.014,2.749
[17:40:46] ,61290,1.014,2.749
[17:40:46] ,61300,1.014,2.749
[17:40:46] ,61310,1.014,2.749
[17:40:46] ,61320,1.014,2.749
[17:40:46] ,61330,1.014,2.749
[17:40:46] ,61340,1.014,2.749
[17:40:46] ,61350,1.012,2.749
[17:40:46] ,61360,1.012,2.749
[17:40:46] ,61370,1.012,2.749
[17:40:46] ,61380,1.012,2.749
[17:40:46] ,61390,1.011,2.749
[17:40:46] ,61400,1.011,2.749
[17:40:46] ,61410,1.011,2.749
[17:40:46] ,61420,1.009,2.749
[17:40:46] ,61430,1.009,2.749
[17:40:46] ,61440,1.009,2.749
[17:40:46] ,61450,1.008,2.749
[17:40:46] ,61460,1.008,2.749
[17:40:46] ,61470,1.008,2.749
[17:40:46] ,61480,1.006,2.749
[17:40:46] ,61490,1.006,2.749
[17:40:46] ,61500,1.006,2.749
[17:40:46] ,61510,1.006,2.749
[17:40:46] ,61520,1.006,2.749
[17:40:46] ,61530,1.005,2.747
[17:40:46] ,61540,1.005,2.749
[17:40:46] ,61550,1.005,2.749
[17:40:46] ,61560,1.005,2.749
[17:40:46] ,61570,1.005,2.749
[17:40:46] ,61580,1.005,2.749
[17:40:46] ,61590,1.005,2.749
[17:40:46] ,61600,1.006,2.749
[17:40:46] ,61610,1.006,2.749
[17:40:46] ,61620,1.005,2.749
[17:40:46] ,61630,1.005,2.749
[17:40:46] ,61640,1.005,2.749
[17:40:46] ,61650,1.005,2.749
[17:40:46] ,61660,1.005,2.749
[17:40:46] ,61670,1.005,2.749
[17:40:46] ,61680,1.005,2.749
[17:40:46] ,61690,1.003,2.749
[17:40:46] ,61700,1.003,2.749
[17:40:46] ,61710,1.003,2.749
[17:40:46] ,61720,1.003,2.749
[17:40:46] ,61730,1.003,2.750
[17:40:46] ,61740,1.002,2.750
[17:40:46] ,61750,1.002,2.750
[17:40:46] ,61760,1.002,2.750
[17:40:46] ,61770,1.000,2.750
[17:40:46] ,61780,1.000,2.750
[17:40:46] ,61790,1.000,2.750
[17:40:46] ,61800,1.000,2.750
[17:40:46] ,61810,1.000,2.750
[17:40:46] ,61820,1.000,2.750
[17:40:46] ,61830,1.000,2.750
[17:40:46] ,61840,1.000,2.750
[17:40:46] ,61850,1.000,2.750
[17:40:46] ,61860,1.000,2.750
[17:40:46] ,61870,1.000,2.750
[17:40:46] ,61880,1.000,2.750
[17:40:46] ,61890,1.000,2.749
[17:40:46] ,61900,1.000,2.749
[17:40:46] ,61910,1.000,2.750
[17:40:46] ,61920,1.000,2.749
[17:40:46] ,61930,0.999,2.749
[17:40:46] ,61940,0.999,2.749
[17:40:46] ,61950,0.999,2.749
[17:40:46] ,61960,0.999,2.749
[17:40:46] ,61970,0.999,2.749
[17:40:46] ,61980,0.999,2.749
[17:40:46] ,61990,0.999,2.749
[17:40:46] ,62000,0.997,2.749
[17:40:46] ,62010,0.997,2.749
[17:40:46] ,62020,0.997,2.749
[17:40:46] ,62030,0.997,2.749
[17:40:46] ,62040,0.997,2.749
[17:40:46] ,62050,0.997,2.749
[17:40:46] ,62060,0.997,2.749
[17:40:46] ,62070,0.997,2.749
[17:40:46] ,62080,0.997,2.749
[17:40:46] ,62090,0.997,2.749
[17:40:46] ,62100,0.997,2.749
[17:40:46] ,62110,0.997,2.749
[17:40:46] ,62120,0.997,2.747
[17:40:46] ,62130,0.997,2.749
[17:40:46] ,62140,0.997,2.749
[17:40:46] ,62150,0.997,2.747
[17:40:46] ,62160,0.996,2.749
[17:40:46] ,62170,0.996,2.749
[17:40:46] ,62180,0.996,2.749
[17:40:46] ,62190,0.996,2.749
[17:40:46] ,62200,0.994,2.749
[17:40:46] ,62210,0.994,2.749
[17:40:46] ,62220,0.994,2.749
[17:40:46] ,62230,0.994,2.749
[17:40:46] ,62240,0.994,2.749
[17:40:46] ,62250,0.994,2.749
[17:40:46] ,62260,0.994,2.749
[17:40:46] ,62270,0.994,2.749
[17:40:46] ,62280,0.994,2.749
[17:40:46] ,62290,0.994,2.749
[17:40:46] ,62300,0.994,2.749
[17:40:46] ,62310,0.994,2.749
[17:40:46] ,62320,0.994,2.749
[17:40:46] ,62330,0.994,2.749
[17:40:46] ,62340,0.994,2.749
[17:40:46] ,62350,0.994,2.749
[17:40:46] ,62360,0.994,2.749
[17:40:46] ,62370,0.994,2.749
[17:40:46] ,62380,0.992,2.749
[17:40:46] ,62390,0.992,2.749
[17:40:46] ,62400,0.992,2.749
[17:40:46] ,62410,0.992,2.749
[17:40:46] ,62420,0.992,2.749
[17:40:46] ,62430,0.992,2.749
[17:40:46] ,62440,0.992,2.750
[17:40:46] ,62450,0.992,2.749
[17:40:46] ,62460,0.992,2.749
[17:40:46] ,62470,0.992,2.749
[17:40:46] ,62480,0.992,2.749
[17:40:46] ,62490,0.991,2.749
[17:40:46] ,62500,0.991,2.749
[17:40:46] ,62510,0.991,2.749
[17:40:46] ,62520,0.991,2.749
[17:40:46] ,62530,0.991,2.749
[17:40:46] ,62540,0.991,2.749
[17:40:46] ,62550,0.991,2.749
[17:40:46] ,62560,0.991,2.749
[17:40:46] ,62570,0.991,2.749
[17:40:46] ,62580,0.991,2.749
[17:40:46] ,62590,0.991,2.749
[17:40:46] ,62600,0.989,2.749
[17:40:46] ,62610,0.989,2.749
[17:40:46] ,62620,0.989,2.747
[17:40:46] ,62630,0.989,2.749
[17:40:46] ,62640,0.989,2.749
[17:40:46] ,62650,0.989,2.749
[17:40:46] ,62660,0.989,2.749
[17:40:46] ,62670,0.989,2.749
[17:40:46] ,62680,0.989,2.749
[17:40:46] ,62690,0.989,2.749
[17:40:46] ,62700,0.989,2.747
[17:40:46] ,62710,0.988,2.747
[17:40:46] ,62720,0.988,2.747
[17:40:46] ,62730,0.988,2.747
[17:40:46] ,62740,0.988,2.747
[17:40:46] ,62750,0.988,2.747
[17:40:46] ,62760,0.988,2.747
[17:40:46] ,62770,0.988,2.747
[17:40:46] ,62780,0.988,2.747
[17:40:46] ,62790,0.988,2.747
[17:40:46] ,62800,0.988,2.749
[17:40:46] ,62810,0.988,2.749
[17:40:46] ,62820,0.988,2.749
[17:40:46] ,62830,0.988,2.747
[17:40:46] ,62840,0.988,2.747
[17:40:46] ,62850,0.988,2.749
[17:40:46] ,62860,0.988,2.749
[17:40:46] ,62870,0.986,2.749
[17:40:46] ,62880,0.988,2.749
[17:40:46] ,62890,0.988,2.749
[17:40:46] ,62900,0.986,2.749
[17:40:46] ,62910,0.986,2.749
[17:40:46] ,62920,0.986,2.749
[17:40:46] ,62930,0.986,2.749
[17:40:46] ,62940,0.986,2.749
[17:40:46] ,62950,0.986,2.749
[17:40:46] ,62960,0.986,2.749
[17:40:46] ,62970,0.986,2.749
[17:40:46] ,62980,0.986,2.749
[17:40:46] ,62990,0.986,2.749
[17:40:46] ,63000,0.986,2.749
[17:40:46] ,63010,0.986,2.749
[17:40:46] ,63020,0.986,2.749
[17:40:46] ,63030,0.986,2.749
[17:40:46] ,63040,0.986,2.749
[17:40:46] ,63050,0.986,2.749
[17:40:46] ,63060,0.985,2.749
[17:40:46] ,63070,0.985,2.749
[17:40:46] ,63080,0.985,2.749
[17:40:46] ,63090,0.985,2.749
[17:40:46] ,63100,0.985,2.749
[17:40:46] ,63110,0.985,2.749
[17:40:46] ,63120,0.985,2.749
[17:40:46] ,63130,0.985,2.749
[17:40:46] ,63140,0.985,2.749
[17:40:46] ,63150,0.983,2.750
[17:40:46] ,63160,0.983,2.750
[17:40:46] ,63170,0.983,2.749
[17:40:46] ,63180,0.983,2.749
[17:40:46] ,63190,0.983,2.749
[17:40:46] ,63200,0.983,2.749
[17:40:46] ,63210,0.983,2.749
[17:40:46] ,63220,0.983,2.749
[17:40:46] ,63230,0.983,2.749
[17:40:46] ,63240,0.983,2.749
[17:40:46] ,63250,0.983,2.749
[17:40:46] ,63260,0.983,2.749
[17:40:46] ,63270,0.983,2.749
[17:40:46] ,63280,0.983,2.749
[17:40:46] ,63290,0.982,2.749
[17:40:46] ,63300,0.982,2.749
[17:40:46] ,63310,0.982,2.749
[17:40:46] ,63320,0.982,2.749
[17:40:46] ,63330,0.982,2.749
[17:40:46] ,63340,0.982,2.749
[17:40:46] ,63350,0.980,2.749
[17:40:46] ,63360,0.980,2.749
[17:40:46] ,63370,0.980,2.749
[17:40:46] ,63380,0.980,2.749
[17:40:46] ,63390,0.980,2.749
[17:40:46] ,63400,0.980,2.749
[17:40:46] ,63410,0.980,2.747
[17:40:46] ,63420,0.980,2.747
[17:40:46] ,63430,0.980,2.749
[17:40:46] ,63440,0.980,2.747
[17:40:46] ,63450,0.980,2.747
[17:40:46] ,63460,0.980,2.747
[17:40:46] ,63470,0.980,2.747
[17:40:46] ,63480,0.980,2.747
[17:40:46] ,63490,0.979,2.747
[17:40:46] ,63500,0.980,2.747
[17:40:46] ,63510,0.979,2.747
[17:40:46] ,63520,0.979,2.747
[17:40:46] ,63530,0.979,2.747
[17:40:46] ,63540,0.979,2.747
[17:40:46] ,63550,0.979,2.747
[17:40:46] ,63560,0.979,2.747
[17:40:46] ,63570,0.979,2.747
[17:40:46] ,63580,0.979,2.747
[17:40:46] ,63590,0.979,2.749
[17:40:46] ,63600,0.979,2.749
[17:40:46] ,63610,0.979,2.749
[17:40:46] ,63620,0.979,2.749
[17:40:46] ,63630,0.979,2.749
[17:40:46] ,63640,0.979,2.749
[17:40:46] ,63650,0.979,2.749
[17:40:46] ,63660,0.979,2.749
[17:40:46] ,63670,0.979,2.749
[17:40:46] ,63680,0.979,2.749
[17:40:46] ,63690,0.979,2.749
[17:40:46] ,63700,0.979,2.749
[17:40:46] ,63710,0.979,2.749
[17:40:46] ,63720,0.979,2.750
[17:40:46] ,63730,0.979,2.749
[17:40:46] ,63740,0.979,2.749
[17:40:46] ,63750,0.979,2.750
[17:40:46] ,63760,0.979,2.750
[17:40:46] ,63770,0.979,2.750
[17:40:46] ,63780,0.979,2.750
[17:40:46] ,63790,0.977,2.750
[17:40:46] ,63800,0.977,2.750
[17:40:46] ,63810,0.977,2.750
[17:40:46] ,63820,0.977,2.750
[17:40:46] ,63830,0.977,2.750
[17:40:46] ,63840,0.977,2.750
[17:40:46] ,63850,0.977,2.750
[17:40:46] ,63860,0.977,2.750
[17:40:46] ,63870,0.977,2.750
[17:40:46] ,63880,0.977,2.750
[17:40:46] ,63890,0.977,2.750
[17:40:46] ,63900,0.977,2.750
[17:40:46] ,63910,0.977,2.750
[17:40:46] ,63920,0.977,2.750
[17:40:46] ,63930,0.977,2.749
[17:40:46] ,63940,0.977,2.749
[17:40:46] ,63950,0.977,2.750
[17:40:46] ,63960,0.977,2.749
[17:40:46] ,63970,0.977,2.749
[17:40:46] ,63980,0.976,2.749
[17:40:46] ,63990,0.976,2.749
[17:40:46] ,64000,0.976,2.749
[17:40:46] ,64010,0.976,2.749
[17:40:46] ,64020,0.976,2.749
[17:40:46] ,64030,0.976,2.747
[17:40:46] ,64040,0.976,2.747
[17:40:46] ,64050,0.976,2.749
[17:40:46] ,64060,0.976,2.747
[17:40:46] ,64070,0.976,2.747
[17:40:46] ,64080,0.976,2.747
[17:40:46] ,64090,0.976,2.747
[17:40:46] ,64100,0.976,2.747
[17:40:46] ,64110,0.976,2.747
[17:40:46] ,64120,0.976,2.747
[17:40:46] ,64130,0.976,2.747
[17:40:46] ,64140,0.976,2.747
[17:40:46] ,64150,0.976,2.747
[17:40:46] ,64160,0.976,2.747
[17:40:46] ,64170,0.976,2.747
[17:40:46] ,64180,0.976,2.747
[17:40:46] ,64190,0.976,2.747
[17:40:46] ,64200,0.976,2.747
[17:40:46] ,64210,0.974,2.747
[17:40:46] ,64220,0.974,2.747
[17:40:46] ,64230,0.974,2.747
[17:40:46] ,64240,0.974,2.747
[17:40:46] ,64250,0.974,2.747
[17:40:46] ,64260,0.974,2.747
[17:40:46] ,64270,0.974,2.747
[17:40:46] ,64280,0.974,2.747
[17:40:46] ,64290,0.974,2.747
[17:40:46] ,64300,0.974,2.747
[17:40:46] ,64310,0.974,2.747
[17:40:46] ,64320,0.974,2.747
[17:40:46] ,64330,0.974,2.747
[17:40:46] ,64340,0.974,2.747
[17:40:46] ,64350,0.976,2.747
[17:40:46] ,64360,0.974,2.747
[17:40:46] ,64370,0.974,2.747
[17:40:46] ,64380,0.974,2.747
[17:40:46] ,64390,0.974,2.749
[17:40:46] ,64400,0.974,2.749
[17:40:46] ,64410,0.974,2.749
[17:40:46] ,64420,0.974,2.749
[17:40:46] ,64430,0.974,2.749
[17:40:46] ,64440,0.974,2.749
[17:40:46] ,64450,0.974,2.749
[17:40:46] ,64460,0.974,2.749
[17:40:46] ,64470,0.974,2.749
[17:40:46] ,64480,0.974,2.749
[17:40:46] ,64490,0.973,2.750
[17:40:46] ,64500,0.973,2.750
[17:40:46] ,64510,0.973,2.750
[17:40:46] ,64520,0.973,2.750
[17:40:46] ,64530,0.973,2.750
[17:40:46] ,64540,0.973,2.750
[17:40:46] ,64550,0.973,2.750
[17:40:46] ,64560,0.971,2.750
[17:40:46] ,64570,0.971,2.750
[17:40:46] ,64580,0.973,2.750
[17:40:46] ,64590,0.973,2.750
[17:40:46] ,64600,0.973,2.750
[17:40:46] ,64610,0.973,2.750
[17:40:46] ,64620,0.973,2.750
[17:40:46] ,64630,0.971,2.750
[17:40:46] ,64640,0.971,2.750
[17:40:46] ,64650,0.971,2.750
[17:40:46] ,64660,0.971,2.750
[17:40:46] ,64670,0.971,2.749
[17:40:46] ,64680,0.973,2.749
[17:40:46] ,64690,0.971,2.749
[17:40:46] ,64700,0.971,2.749
[17:40:46] ,64710,0.971,2.749
[17:40:46] ,64720,0.971,2.749
[17:40:46] ,64730,0.971,2.749
[17:40:46] ,64740,0.971,2.749
[17:40:46] ,64750,0.971,2.749
[17:40:46] ,64760,0.971,2.749
[17:40:46] ,64770,0.971,2.749
[17:40:46] ,64780,0.971,2.749
[17:40:46] ,64790,0.971,2.749
[17:40:46] ,64800,0.971,2.749
[17:40:46] ,64810,0.971,2.749
[17:40:46] ,64820,0.971,2.749
[17:40:46] ,64830,0.971,2.749
[17:40:46] ,64840,0.971,2.749
[17:40:46] ,64850,0.971,2.749
[17:40:46] ,64860,0.971,2.749
[17:40:46] ,64870,0.971,2.749
[17:40:46] ,64880,0.971,2.749
[17:40:46] ,64890,0.971,2.749
[17:40:46] ,64900,0.971,2.749
[17:40:46] ,64910,0.971,2.749
[17:40:46] ,64920,0.971,2.750
[17:40:46] ,64930,0.971,2.750
[17:40:46] ,64940,0.971,2.750
[17:40:46] ,64950,0.971,2.750
[17:40:46] ,64960,0.971,2.750
[17:40:46] ,64970,0.971,2.750
[17:40:46] ,64980,0.971,2.750
[17:40:46] ,64990,0.971,2.750
[17:40:46] ,65000,0.971,2.750
[17:40:46] ,65010,0.971,2.750
[17:40:46] ,65020,0.971,2.750
[17:40:46] ,65030,0.971,2.750
[17:40:46] ,65040,0.971,2.750
[17:40:46] ,65050,0.971,2.750
[17:40:46] ,65060,0.971,2.750
[17:40:46] ,65070,0.971,2.750
[17:40:46] ,65080,0.971,2.750
[17:40:46] ,65090,0.971,2.750
[17:40:46] ,65100,0.971,2.750
[17:40:46] ,65110,0.969,2.750
[17:40:46] ,65120,0.969,2.750
[17:40:46] ,65130,0.969,2.750
[17:40:46] ,65140,0.969,2.750
[17:40:46] ,65150,0.969,2.750
[17:40:46] ,65160,0.969,2.750
[17:40:46] ,65170,0.969,2.750
[17:40:46] ,65180,0.969,2.749
[17:40:46] ,65190,0.969,2.749
[17:40:46] ,65200,0.969,2.749
[17:40:46] ,65210,0.969,2.749
[17:40:46] ,65220,0.969,2.749
[17:40:46] ,65230,0.969,2.749
[17:40:46] ,65240,0.969,2.749
[17:40:46] ,65250,0.969,2.749
[17:40:46] ,65260,0.969,2.749
[17:40:46] ,65270,0.969,2.749
[17:40:46] ,65280,0.969,2.749
[17:40:46] ,65290,0.969,2.749
[17:40:46] ,65300,0.969,2.749
[17:40:46] ,65310,0.969,2.749
[17:40:46] ,65320,0.969,2.749
[17:40:46] ,65330,0.969,2.749
[17:40:46] ,65340,0.969,2.749
[17:40:46] ,65350,0.969,2.749
[17:40:46] ,65360,0.969,2.749
[17:40:46] ,65370,0.969,2.749
[17:40:46] ,65380,0.969,2.749
[17:40:46] ,65390,0.969,2.749
[17:40:46] ,65400,0.969,2.749
[17:40:46] ,65410,0.969,2.749
[17:40:46] ,65420,0.969,2.749
[17:40:46] ,65430,0.969,2.749
[17:40:46] ,65440,0.969,2.749
[17:40:46] ,65450,0.969,2.749
[17:40:46] ,65460,0.969,2.749
[17:40:46] ,65470,0.969,2.749
[17:40:46] ,65480,0.969,2.749
[17:40:46] ,65490,0.969,2.749
[17:40:46] ,65500,0.969,2.749
[17:40:46] ,65510,0.969,2.749
[17:40:46] ,65520,0.969,2.749
[17:40:46] ,65530,0.969,2.749
[17:40:46] ,65540,0.969,2.747
[17:40:46] ,65550,0.969,2.749
[17:40:46] ,65560,0.969,2.749
[17:40:46] ,65570,0.969,2.749
[17:40:46] ,65580,0.968,2.749
[17:40:46] ,65590,0.968,2.749
[17:40:46] ,65600,0.968,2.749
[17:40:46] ,65610,0.968,2.749
[17:40:46] ,65620,0.969,2.749
[17:40:46] ,65630,0.969,2.749
[17:40:46] ,65640,0.969,2.749
[17:40:46] ,65650,0.969,2.749
[17:40:46] ,65660,0.969,2.749
[17:40:46] ,65670,0.968,2.749
[17:40:46] ,65680,0.968,2.749
[17:40:46] ,65690,0.968,2.749
[17:40:46] ,65700,0.968,2.749
[17:40:46] ,65710,0.968,2.749
[17:40:46] ,65720,0.968,2.749
[17:40:46] ,65730,0.968,2.749
[17:40:46] ,65740,0.968,2.749
[17:40:46] ,65750,0.968,2.749
[17:40:46] ,65760,0.968,2.749
[17:40:46] ,65770,0.968,2.749
[17:40:46] ,65780,0.968,2.749
[17:40:46] ,65790,0.968,2.749
[17:40:46] ,65800,0.968,2.749
[17:40:46] ,65810,0.968,2.749
[17:40:46] ,65820,0.968,2.749
[17:40:46] ,65830,0.968,2.749
[17:40:46] ,65840,0.968,2.749
[17:40:46] ,65850,0.968,2.749
[17:40:46] ,65860,0.968,2.749
[17:40:46] ,65870,0.968,2.749
[17:40:46] ,65880,0.968,2.749
[17:40:46] ,65890,0.968,2.749
[17:40:46] ,65900,0.968,2.749
[17:40:46] ,65910,0.968,2.749
[17:40:46] ,65920,0.966,2.749
[17:40:46] ,65930,0.968,2.749
[17:40:46] ,65940,0.966,2.749
[17:40:46] ,65950,0.968,2.749
[17:40:46] ,65960,0.968,2.749
[17:40:46] ,65970,0.968,2.749
[17:40:46] ,65980,0.968,2.749
[17:40:46] ,65990,0.966,2.749
[17:40:46] ,66000,0.966,2.749
[17:40:46] ,66010,0.966,2.749
[17:40:46] ,66020,0.966,2.749
[17:40:46] ,66030,0.966,2.749
[17:40:46] ,66040,0.966,2.749
[17:40:46] ,66050,0.968,2.749
[17:40:46] ,66060,0.968,2.749
[17:40:46] ,66070,0.968,2.749
[17:40:46] ,66080,0.968,2.749
[17:40:46] ,66090,0.966,2.749
[17:40:46] ,66100,0.966,2.749
[17:40:46] ,66110,0.966,2.749
[17:40:46] ,66120,0.966,2.749
[17:40:46] ,66130,0.966,2.749
[17:40:46] ,66140,0.966,2.749
[17:40:46] ,66150,0.966,2.749
[17:40:46] ,66160,0.966,2.749
[17:40:46] ,66170,0.966,2.749
[17:40:46] ,66180,0.966,2.749
[17:40:46] ,66190,0.966,2.749
[17:40:46] ,66200,0.966,2.749
[17:40:46] ,66210,0.966,2.749
[17:40:46] ,66220,0.966,2.749
[17:40:46] ,66230,0.966,2.749
[17:40:46] ,66240,0.966,2.749
[17:40:46] ,66250,0.966,2.749
[17:40:46] ,66260,0.966,2.749
[17:40:46] ,66270,0.966,2.749
[17:40:46] ,66280,0.966,2.749
[17:40:46] ,66290,0.966,2.749
[17:40:46] ,66300,0.966,2.749
[17:40:46] ,66310,0.966,2.749
[17:40:46] ,66320,0.966,2.749
[17:40:46] ,66330,0.966,2.749
[17:40:46] ,66340,0.966,2.749
[17:40:46] ,66350,0.966,2.749
[17:40:46] ,66360,0.966,2.749
[17:40:46] ,66370,0.966,2.749
[17:40:46] ,66380,0.966,2.749
[17:40:46] ,66390,0.966,2.749
[17:40:46] ,66400,0.966,2.749
[17:40:46] ,66410,0.966,2.749
[17:40:46] ,66420,0.966,2.749
[17:40:46] ,66430,0.966,2.749
[17:40:46] ,66440,0.966,2.749
[17:40:46] ,66450,0.966,2.749
[17:40:46] ,66460,0.966,2.749
[17:40:46] ,66470,0.966,2.749
[17:40:46] ,66480,0.966,2.749
[17:40:46] ,66490,0.966,2.749
[17:40:46] ,66500,0.966,2.749
[17:40:46] ,66510,0.966,2.749
[17:40:46] ,66520,0.966,2.749
[17:40:46] ,66530,0.966,2.749
[17:40:46] ,66540,0.966,2.749
[17:40:46] ,66550,0.966,2.749
[17:40:46] ,66560,0.966,2.749
[17:40:46] ,66570,0.966,2.749
[17:40:46] ,66580,0.966,2.749
[17:40:46] ,66590,0.966,2.749
[17:40:46] ,66600,0.966,2.749
[17:40:46] ,66610,0.966,2.749
[17:40:46] ,66620,0.966,2.749
[17:40:46] ,66630,0.966,2.749
[17:40:46] ,66640,0.966,2.749
[17:40:46] ,66650,0.966,2.749
[17:40:46] ,66660,0.966,2.749
[17:40:46] ,66670,0.966,2.749
[17:40:46] ,66680,0.966,2.749
[17:40:46] ,66690,0.966,2.749
[17:40:46] ,66700,0.966,2.749
[17:40:46] ,66710,0.966,2.749
[17:40:46] ,66720,0.966,2.749
[17:40:46] ,66730,0.966,2.749
[17:40:46] ,66740,0.966,2.749
[17:40:46] ,66750,0.966,2.749
[17:40:46] ,66760,0.966,2.749
[17:40:46] ,66770,0.966,2.749
[17:40:46] ,66780,0.966,2.749
[17:40:46] ,66790,0.966,2.749
[17:40:46] ,66800,0.966,2.749
[17:40:46] ,66810,0.966,2.749
[17:40:46] ,66820,0.966,2.747
[17:40:46] ,66830,0.966,2.747
[17:40:46] ,66840,0.966,2.747
[17:40:46] ,66850,0.966,2.749
[17:40:46] ,66860,0.966,2.749
[17:40:46] ,66870,0.966,2.749
[17:40:46] ,66880,0.966,2.747
[17:40:46] ,66890,0.966,2.747
[17:40:46] ,66900,0.966,2.747
[17:40:46] ,66910,0.966,2.749
[17:40:46] ,66920,0.966,2.749
[17:40:46] ,66930,0.966,2.749
[17:40:46] ,66940,0.966,2.749
[17:40:46] ,66950,0.966,2.749
[17:40:46] ,66960,0.966,2.749
[17:40:46] ,66970,0.966,2.749
[17:40:46] ,66980,0.966,2.749
[17:40:46] ,66990,0.966,2.749
[17:40:46] ,67000,0.966,2.749
[17:40:46] ,67010,0.966,2.749
[17:40:46] ,67020,0.966,2.749
[17:40:46] ,67030,0.966,2.749
[17:40:46] ,67040,0.966,2.749
[17:40:46] ,67050,0.966,2.749
[17:40:46] ,67060,0.966,2.749
[17:40:46] ,67070,0.966,2.749
[17:40:46] ,67080,0.966,2.749
[17:40:46] ,67090,0.966,2.749
[17:40:46] ,67100,0.966,2.749
[17:40:46] ,67110,0.966,2.749
[17:40:46] ,67120,0.966,2.749
[17:40:46] ,67130,0.966,2.749
[17:40:46] ,67140,0.966,2.749
[17:40:46] ,67150,0.966,2.749
[17:40:46] ,67160,0.966,2.749
[17:40:46] ,67170,0.966,2.749
[17:40:46] ,67180,0.966,2.749
[17:40:46] ,67190,0.966,2.749
[17:40:46] ,67200,0.966,2.749
[17:40:46] ,67210,0.966,2.749
[17:40:46] ,67220,0.966,2.749
[17:40:46] ,67230,0.966,2.749
[17:40:46] ,67240,0.966,2.749
[17:40:46] ,67250,0.966,2.749
[17:40:46] ,67260,0.966,2.749
[17:40:46] ,67270,0.966,2.749
[17:40:46] ,67280,0.966,2.749
[17:40:46] ,67290,0.966,2.749
[17:40:46] ,67300,0.966,2.749
[17:40:46] ,67310,0.966,2.749
[17:40:46] ,67320,0.966,2.749
[17:40:46] ,67330,0.966,2.749
[17:40:46] ,67340,0.966,2.749
[17:40:46] ,67350,0.966,2.749
[17:40:46] ,67360,0.966,2.749
[17:40:46] ,67370,0.966,2.749
[17:40:46] ,67380,0.966,2.749
[17:40:46] ,67390,0.966,2.749
[17:40:46] ,67400,0.966,2.749
[17:40:46] ,67410,0.966,2.749
[17:40:46] ,67420,0.966,2.749
[17:40:46] ,67430,0.966,2.749
[17:40:46] ,67440,0.966,2.749
[17:40:46] ,67450,0.966,2.749
[17:40:46] ,67460,0.966,2.749
[17:40:46] ,67470,0.966,2.749
[17:40:46] ,67480,0.966,2.749
[17:40:46] ,67490,0.966,2.749
[17:40:46] ,67500,0.966,2.749
[17:40:46] ,67510,0.966,2.749
[17:40:46] ,67520,0.966,2.749
[17:40:46] ,67530,0.966,2.749
[17:40:46] ,67540,0.966,2.749
[17:40:46] ,67550,0.966,2.749
[17:40:46] ,67560,0.966,2.749
[17:40:46] ,67570,0.966,2.749
[17:40:46] ,67580,0.966,2.749
[17:40:46] ,67590,0.966,2.749
[17:40:46] ,67600,0.966,2.749
[17:40:46] ,67610,0.966,2.749
[17:40:46] ,67620,0.966,2.749
[17:40:46] ,67630,0.966,2.749
[17:40:46] ,67640,0.966,2.749
[17:40:46] ,67650,0.966,2.749
[17:40:46] ,67660,0.966,2.749
[17:40:46] ,67670,0.966,2.749
[17:40:46] ,67680,0.966,2.749
[17:40:46] ,67690,0.966,2.749
[17:40:46] ,67700,0.966,2.749
[17:40:46] ,67710,0.966,2.749
[17:40:46] ,67720,0.966,2.749
[17:40:46] ,67730,0.966,2.749
[17:40:46] ,67740,0.966,2.749
[17:40:46] ,67750,0.966,2.749
[17:40:46] ,67760,0.966,2.749
[17:40:46] ,67770,0.966,2.749
[17:40:46] ,67780,0.966,2.749
[17:40:46] ,67790,0.966,2.749
[17:40:46] ,67800,0.966,2.749
[17:40:46] ,67810,0.966,2.749
[17:40:46] ,67820,0.966,2.749
[17:40:46] ,67830,0.966,2.749
[17:40:46] ,67840,0.966,2.749
[17:40:46] ,67850,0.966,2.749
[17:40:46] ,67860,0.966,2.749
[17:40:46] ,67870,0.966,2.749
[17:40:46] ,67880,0.966,2.749
[17:40:46] ,67890,0.966,2.749
[17:40:46] ,67900,0.966,2.749
[17:40:46] ,67910,0.966,2.749
[17:40:46] ,67920,0.966,2.749
[17:40:46] ,67930,0.966,2.749
[17:40:46] ,67940,0.966,2.749
[17:40:46] ,67950,0.966,2.749
[17:40:46] ,67960,0.966,2.749
[17:40:46] ,67970,0.966,2.749
[17:40:46] ,67980,0.966,2.749
[17:40:46] ,67990,0.966,2.749
[17:40:46] ,68000,0.966,2.749
[17:40:46] ,68010,0.966,2.749
[17:40:46] ,68020,0.966,2.749
[17:40:46] ,68030,0.966,2.749
[17:40:46] ,68040,0.966,2.749
[17:40:46] ,68050,0.966,2.749
[17:40:46] ,68060,0.966,2.749
[17:40:46] ,68070,0.966,2.749
[17:40:47] ,68080,0.966,2.749
[17:40:47] ,68090,0.966,2.749
[17:40:47] ,68100,0.966,2.749
[17:40:47] ,68110,0.966,2.749
[17:40:47] ,68120,0.966,2.747
[17:40:47] ,68130,0.966,2.749
[17:40:47] ,68140,0.966,2.749
[17:40:47] ,68150,0.966,2.749
[17:40:47] ,68160,0.966,2.749
[17:40:47] ,68170,0.966,2.749
[17:40:47] ,68180,0.966,2.749
[17:40:47] ,68190,0.966,2.749
[17:40:47] ,68200,0.966,2.749
[17:40:47] ,68210,0.966,2.749
[17:40:47] ,68220,0.966,2.749
[17:40:47] ,68230,0.966,2.749
[17:40:47] ,68240,0.966,2.749
[17:40:47] ,68250,0.966,2.749
[17:40:47] ,68260,0.966,2.749
[17:40:47] ,68270,0.966,2.749
[17:40:47] ,68280,0.966,2.749
[17:40:47] ,68290,0.966,2.749
[17:40:47] ,68300,0.966,2.749
[17:40:47] ,68310,0.966,2.749
[17:40:47] ,68320,0.966,2.749
[17:40:47] ,68330,0.966,2.749
[17:40:47] ,68340,0.966,2.749
[17:40:47] ,68350,0.966,2.749
[17:40:47] ,68360,0.966,2.749
[17:40:47] ,68370,0.966,2.749
[17:40:47] ,68380,0.966,2.749
[17:40:47] ,68390,0.966,2.749
[17:40:47] ,68400,0.966,2.749
[17:40:47] ,68410,0.966,2.749
[17:40:47] ,68420,0.966,2.749
[17:40:47] ,68430,0.966,2.749
[17:40:47] ,68440,0.966,2.749
[17:40:47] ,68450,0.966,2.749
[17:40:47] ,68460,0.966,2.749
[17:40:47] ,68470,0.966,2.749
[17:40:47] ,68480,0.966,2.749
[17:40:47] ,68490,0.966,2.749
[17:40:47] ,68500,0.966,2.749
[17:40:47] ,68510,0.966,2.749
[17:40:47] ,68520,0.966,2.749
[17:40:47] ,68530,0.966,2.749
[17:40:47] ,68540,0.966,2.749
[17:40:47] ,68550,0.966,2.749
[17:40:47] ,68560,0.966,2.749
[17:40:47] ,68570,0.966,2.749
[17:40:47] ,68580,0.966,2.749
[17:40:47] ,68590,0.966,2.749
[17:40:47] ,68600,0.966,2.749
[17:40:47] ,68610,0.966,2.749
[17:40:47] ,68620,0.966,2.749
[17:40:47] ,68630,0.966,2.749
[17:40:47] ,68640,0.966,2.749
[17:40:47] ,68650,0.966,2.749
[17:40:47] ,68660,0.966,2.749
[17:40:47] ,68670,0.966,2.749
[17:40:47] ,68680,0.966,2.749
[17:40:47] ,68690,0.966,2.749
[17:40:47] ,68700,0.966,2.749
[17:40:47] ,68710,0.966,2.749
[17:40:47] ,68720,0.966,2.749
[17:40:47] ,68730,0.966,2.749
[17:40:47] ,68740,0.966,2.749
[17:40:47] ,68750,0.966,2.749
[17:40:47] ,68760,0.966,2.749
[17:40:47] ,68770,0.966,2.749
[17:40:47] ,68780,0.966,2.749
[17:40:47] ,68790,0.966,2.749
[17:40:47] ,68800,0.966,2.749
[17:40:47] ,68810,0.966,2.749
[17:40:47] ,68820,0.966,2.749
[17:40:47] ,68830,0.966,2.749
[17:40:47] ,68840,0.966,2.749
[17:40:47] ,68850,0.966,2.749
[17:40:47] ,68860,0.966,2.749
[17:40:47] ,68870,0.966,2.749
[17:40:47] ,68880,0.966,2.749
[17:40:47] ,68890,0.966,2.749
[17:40:47] ,68900,0.966,2.749
[17:40:47] ,68910,0.966,2.749
[17:40:47] ,68920,0.966,2.749
[17:40:47] ,68930,0.966,2.749
[17:40:47] ,68940,0.966,2.749
[17:40:47] ,68950,0.966,2.749
[17:40:47] ,68960,0.966,2.749
[17:40:47] ,68970,0.966,2.749
[17:40:47] ,68980,0.966,2.749
[17:40:47] ,68990,0.966,2.749
[17:40:47] ,69000,0.966,2.749
[17:40:47] ,69010,0.966,2.749
[17:40:47] ,69020,0.966,2.749
[17:40:47] ,69030,0.966,2.749
[17:40:47] ,69040,0.966,2.749
[17:40:47] ,69050,0.966,2.749
[17:40:47] ,69060,0.966,2.749
[17:40:47] ,69070,0.966,2.749
[17:40:47] ,69080,0.966,2.749
[17:40:47] ,69090,0.966,2.749
[17:40:47] ,69100,0.966,2.749
[17:40:47] ,69110,0.966,2.749
[17:40:47] ,69120,0.966,2.749
[17:40:47] ,69130,0.966,2.749
[17:40:47] ,69140,0.966,2.749
[17:40:47] ,69150,0.966,2.749
[17:40:47] ,69160,0.966,2.749
[17:40:47] ,69170,0.966,2.749
[17:40:47] ,69180,0.966,2.749
[17:40:47] ,69190,0.966,2.749
[17:40:47] ,69200,0.966,2.749
[17:40:47] ,69210,0.966,2.749
[17:40:47] ,69220,0.966,2.749
[17:40:47] ,69230,0.966,2.749
[17:40:47] ,69240,0.966,2.749
[17:40:47] ,69250,0.966,2.749
[17:40:47] ,69260,0.966,2.749
[17:40:47] ,69270,0.966,2.749
[17:40:47] ,69280,0.966,2.749
[17:40:47] ,69290,0.966,2.749
[17:40:47] ,69300,0.966,2.749
[17:40:47] ,69310,0.966,2.749
[17:40:47] ,69320,0.966,2.749
[17:40:47] ,69330,0.966,2.749
[17:40:47] ,69340,0.966,2.749
[17:40:47] ,69350,0.966,2.749
[17:40:47] ,69360,0.966,2.749
[17:40:47] ,69370,0.966,2.749
[17:40:47] ,69380,0.966,2.749
[17:40:47] ,69390,0.966,2.749
[17:40:47] ,69400,0.966,2.749
[17:40:47] ,69410,0.966,2.749
[17:40:47] ,69420,0.966,2.749
[17:40:47] ,69430,0.966,2.749
[17:40:47] ,69440,0.966,2.749
[17:40:47] ,69450,0.966,2.749
[17:40:47] ,69460,0.966,2.749
[17:40:47] ,69470,0.966,2.749
[17:40:47] ,69480,0.966,2.749
[17:40:47] ,69490,0.966,2.749
[17:40:47] ,69500,0.966,2.749
[17:40:47] ,69510,0.966,2.749
[17:40:47] ,69520,0.966,2.749
[17:40:47] ,69530,0.966,2.749
[17:40:47] ,69540,0.966,2.749
[17:40:47] ,69550,0.966,2.749
[17:40:47] ,69560,0.966,2.749
[17:40:47] ,69570,0.966,2.749
[17:40:47] ,69580,0.966,2.749
[17:40:47] ,69590,0.966,2.749
[17:40:47] ,69600,0.966,2.749
[17:40:47] ,69610,0.966,2.749
[17:40:47] ,69620,0.966,2.749
[17:40:47] ,69630,0.966,2.749
[17:40:47] ,69640,0.966,2.749
[17:40:47] ,69650,0.966,2.749
[17:40:47] ,69660,0.966,2.749
[17:40:47] ,69670,0.966,2.749
[17:40:47] ,69680,0.966,2.749
[17:40:47] ,69690,0.966,2.749
[17:40:47] ,69700,0.966,2.749
[17:40:47] ,69710,0.966,2.749
[17:40:47] ,69720,0.966,2.749
[17:40:47] ,69730,0.966,2.749
[17:40:47] ,69740,0.966,2.749
[17:40:47] ,69750,0.966,2.749
[17:40:47] ,69760,0.966,2.749
[17:40:47] ,69770,0.966,2.749
[17:40:47] ,69780,0.966,2.749
[17:40:47] ,69790,0.966,2.749
[17:40:47] ,69800,0.966,2.749
[17:40:47] ,69810,0.966,2.749
[17:40:47] ,69820,0.966,2.749
[17:40:47] ,69830,0.966,2.749
[17:40:47] ,69840,0.966,2.749
[17:40:47] ,69850,0.966,2.749
[17:40:47] ,69860,0.966,2.749
[17:40:47] ,69870,0.966,2.749
[17:40:47] ,69880,0.966,2.749
[17:40:47] ,69890,0.966,2.749
[17:40:47] ,69900,0.966,2.749
[17:40:47] ,69910,0.966,2.749
[17:40:47] ,69920,0.966,2.749
[17:40:47] ,69930,0.966,2.749
[17:40:47] ,69940,0.966,2.749
[17:40:47] ,69950,0.966,2.749
[17:40:47] ,69960,0.966,2.749
[17:40:47] ,69970,0.966,2.749
[17:40:47] ,69980,0.966,2.749
[17:40:47] ,69990,0.966,2.749
[17:40:47] ,70000,0.966,2.749
[17:40:47] ,70010,0.966,2.749
[17:40:47] ,70020,0.966,2.749
[17:40:47] ,70030,0.966,2.749