[16:47:40] ,328110,0.098,2.715
[16:47:40] ,328120,0.098,2.715
[16:47:40] ,328130,0.098,2.715
[16:47:40] ,328140,0.098,2.715
[16:47:40] ,328150,0.098,2.715
[16:47:40] ,328160,0.100,2.715
[16:47:40] ,328170,0.101,2.717
[16:47:40] ,328180,0.103,2.717
[16:47:40] ,328190,0.106,2.717
[16:47:40] ,328200,0.110,2.717
[16:47:40] ,328210,0.118,2.717
[16:47:40] ,328220,0.127,2.717
[16:47:40] ,328230,0.140,2.717
[16:47:40] ,328240,0.152,2.717
[16:47:40] ,328250,0.167,2.717
[16:47:40] ,328260,0.181,2.717
[16:47:40] ,328270,0.195,2.717
[16:47:40] ,328280,0.210,2.717
[16:47:40] ,328290,0.224,2.717
[16:47:40] ,328300,0.238,2.718
[16:47:40] ,328310,0.249,2.718
[16:47:40] ,328320,0.259,2.718
[16:47:40] ,328330,0.268,2.718
[16:47:40] ,328340,0.275,2.720
[16:47:40] ,328350,0.278,2.720
[16:47:40] ,328360,0.281,2.720
[16:47:40] ,328370,0.282,2.720
[16:47:40] ,328380,0.282,2.720
[16:47:40] ,328390,0.282,2.720
[16:47:40] ,328400,0.282,2.720
[16:47:40] ,328410,0.284,2.720
[16:47:40] ,328420,0.285,2.718
[16:47:40] ,328430,0.287,2.718
[16:47:40] ,328440,0.290,2.718
[16:47:40] ,328450,0.296,2.717
[16:47:40] ,328460,0.302,2.717
[16:47:40] ,328470,0.311,2.717
[16:47:40] ,328480,0.321,2.717
[16:47:40] ,328490,0.331,2.717
[16:47:40] ,328500,0.344,2.715
[16:47:40] ,328510,0.356,2.715
[16:47:40] ,328520,0.368,2.715
[16:47:40] ,328530,0.379,2.715
[16:47:40] ,328540,0.388,2.715
[16:47:40] ,328550,0.397,2.715
[16:47:40] ,328560,0.405,2.715
[16:47:40] ,328570,0.410,2.717
[16:47:40] ,328580,0.413,2.717
[16:47:40] ,328590,0.416,2.717
[16:47:40] ,328600,0.417,2.717
[16:47:40] ,328610,0.417,2.717
[16:47:40] ,328620,0.417,2.718
[16:47:40] ,328630,0.417,2.718
[16:47:40] ,328640,0.419,2.718
[16:47:40] ,328650,0.420,2.717
[16:47:40] ,328660,0.423,2.717
[16:47:40] ,328670,0.428,2.717
[16:47:40] ,328680,0.434,2.717
[16:47:40] ,328690,0.442,2.715
[16:47:40] ,328700,0.451,2.715
[16:47:40] ,328710,0.460,2.715
[16:47:40] ,328720,0.469,2.715
[16:47:40] ,328730,0.479,2.715
[16:47:40] ,328740,0.488,2.715
[16:47:40] ,328750,0.494,2.715
[16:47:40] ,328760,0.500,2.715
[16:47:40] ,328770,0.505,2.715
[16:47:40] ,328780,0.508,2.715
[16:47:40] ,328790,0.509,2.717
[16:47:40] ,328800,0.508,2.717
[16:47:40] ,328810,0.506,2.717
[16:47:40] ,328820,0.506,2.717
[16:47:40] ,328830,0.506,2.718
[16:47:40] ,328840,0.508,2.718
[16:47:40] ,328850,0.509,2.718
[16:47:40] ,328860,0.512,2.718
[16:47:40] ,328870,0.515,2.717
[16:47:40] ,328880,0.522,2.717
[16:47:40] ,328890,0.528,2.717
[16:47:40] ,328900,0.534,2.717
[16:47:40] ,328910,0.541,2.717
[16:47:40] ,328920,0.548,2.717
[16:47:40] ,328930,0.554,2.715
[16:47:40] ,328940,0.560,2.715
[16:47:40] ,328950,0.563,2.717
[16:47:40] ,328960,0.566,2.717
[16:47:40] ,328970,0.569,2.717
[16:47:40] ,328980,0.571,2.717
[16:47:40] ,328990,0.571,2.717
[16:47:40] ,329000,0.571,2.717
[16:47:40] ,329010,0.572,2.718
[16:47:40] ,329020,0.572,2.718
[16:47:40] ,329030,0.575,2.718
[16:47:40] ,329040,0.578,2.718
[16:47:40] ,329050,0.583,2.718
[16:47:40] ,329060,0.589,2.717
[16:47:40] ,329070,0.595,2.717
[16:47:40] ,329080,0.603,2.717
[16:47:40] ,329090,0.609,2.717
[16:47:40] ,329100,0.617,2.717
[16:47:40] ,329110,0.621,2.717
[16:47:40] ,329120,0.626,2.717
[16:47:40] ,329130,0.629,2.717
[16:47:40] ,329140,0.630,2.717
[16:47:40] ,329150,0.632,2.717
[16:47:40] ,329160,0.632,2.717
[16:47:40] ,329170,0.632,2.717
[16:47:40] ,329180,0.632,2.717
[16:47:40] ,329190,0.632,2.717
[16:47:40] ,329200,0.635,2.717
[16:47:40] ,329210,0.638,2.717
[16:47:40] ,329220,0.641,2.717
[16:47:40] ,329230,0.646,2.717
[16:47:40] ,329240,0.652,2.715
[16:47:40] ,329250,0.658,2.715
[16:47:40] ,329260,0.663,2.715
[16:47:40] ,329270,0.669,2.715
[16:47:40] ,329280,0.673,2.715
[16:47:40] ,329290,0.676,2.715
[16:47:40] ,329300,0.680,2.715
[16:47:40] ,329310,0.681,2.715
[16:47:40] ,329320,0.681,2.717
[16:47:40] ,329330,0.681,2.717
[16:47:40] ,329340,0.681,2.717
[16:47:40] ,329350,0.681,2.717
[16:47:40] ,329360,0.683,2.717
[16:47:40] ,329370,0.684,2.717
[16:47:40] ,329380,0.687,2.717
[16:47:40] ,329390,0.692,2.717
[16:47:40] ,329400,0.696,2.717
[16:47:40] ,329410,0.701,2.715
[16:47:40] ,329420,0.706,2.717
[16:47:40] ,329430,0.709,2.717
[16:47:40] ,329440,0.712,2.717
[16:47:40] ,329450,0.715,2.717
[16:47:40] ,329460,0.716,2.717
[16:47:40] ,329470,0.718,2.717
[16:47:40] ,329480,0.718,2.717
[16:47:40] ,329490,0.718,2.717
[16:47:40] ,329500,0.719,2.717
[16:47:40] ,329510,0.719,2.717
[16:47:40] ,329520,0.723,2.717
[16:47:40] ,329530,0.724,2.717
[16:47:40] ,329540,0.727,2.717
[16:47:40] ,329550,0.730,2.717
[16:47:40] ,329560,0.735,2.717
[16:47:40] ,329570,0.739,2.717
[16:47:40] ,329580,0.742,2.717
[16:47:40] ,329590,0.746,2.717
[16:47:40] ,329600,0.749,2.717
[16:47:40] ,329610,0.749,2.717
[16:47:40] ,329620,0.750,2.717
[16:47:40] ,329630,0.750,2.717
[16:47:40] ,329640,0.750,2.717
[16:47:40] ,329650,0.750,2.717
[16:47:40] ,329660,0.750,2.717
[16:47:40] ,329670,0.752,2.717
[16:47:40] ,329680,0.753,2.717
[16:47:40] ,329690,0.756,2.717
[16:47:40] ,329700,0.759,2.715
[16:47:40] ,329710,0.761,2.715
[16:47:40] ,329720,0.764,2.715
[16:47:40] ,329730,0.765,2.715
[16:47:40] ,329740,0.769,2.715
[16:47:40] ,329750,0.769,2.715
[16:47:40] ,329760,0.770,2.715
[16:47:40] ,329770,0.772,2.715
[16:47:40] ,329780,0.772,2.715
[16:47:40] ,329790,0.772,2.717
[16:47:40] ,329800,0.772,2.717
[16:47:40] ,329810,0.773,2.715
[16:47:40] ,329820,0.773,2.717
[16:47:40] ,329830,0.775,2.717
[16:47:40] ,329840,0.776,2.717
[16:47:40] ,329850,0.779,2.717
[16:47:40] ,329860,0.781,2.717
[16:47:40] ,329870,0.784,2.715
[16:47:40] ,329880,0.787,2.717
[16:47:40] ,329890,0.788,2.717
[16:47:40] ,329900,0.790,2.717
[16:47:40] ,329910,0.792,2.717
[16:47:40] ,329920,0.793,2.717
[16:47:40] ,329930,0.793,2.718
[16:47:40] ,329940,0.793,2.718
[16:47:40] ,329950,0.795,2.718
[16:47:40] ,329960,0.795,2.718
[16:47:40] ,329970,0.795,2.718
[16:47:40] ,329980,0.796,2.718
[16:47:40] ,329990,0.798,2.718
[16:47:40] ,330000,0.801,2.718
[16:47:40] ,330010,0.802,2.718
[16:47:40] ,330020,0.804,2.718
[16:47:40] ,330030,0.805,2.718
[16:47:40] ,330040,0.807,2.718
[16:47:40] ,330050,0.808,2.718
[16:47:40] ,330060,0.808,2.718
[16:47:40] ,330070,0.808,2.718
[16:47:40] ,330080,0.810,2.718
[16:47:40] ,330090,0.810,2.718
[16:47:40] ,330100,0.811,2.718
[16:47:40] ,330110,0.811,2.718
[16:47:40] ,330120,0.813,2.718
[16:47:40] ,330130,0.815,2.718
[16:47:40] ,330140,0.816,2.718
[16:47:40] ,330150,0.819,2.718
[16:47:40] ,330160,0.821,2.717
[16:47:40] ,330170,0.822,2.717
[16:47:40] ,330180,0.824,2.717
[16:47:40] ,330190,0.824,2.717
[16:47:40] ,330200,0.824,2.717
[16:47:40] ,330210,0.824,2.717
[16:47:40] ,330220,0.825,2.717
[16:47:40] ,330230,0.825,2.717
[16:47:40] ,330240,0.827,2.717
[16:47:40] ,330250,0.828,2.717
[16:47:40] ,330260,0.830,2.717
[16:47:40] ,330270,0.831,2.715
[16:47:40] ,330280,0.833,2.715
[16:47:40] ,330290,0.834,2.715
[16:47:40] ,330300,0.834,2.715
[16:47:40] ,330310,0.834,2.715
[16:47:40] ,330320,0.836,2.715
[16:47:40] ,330330,0.836,2.715
[16:47:40] ,330340,0.836,2.715
[16:47:40] ,330350,0.836,2.715
[16:47:40] ,330360,0.838,2.715
[16:47:40] ,330370,0.839,2.715
[16:47:40] ,330380,0.841,2.715
[16:47:40] ,330390,0.841,2.715
[16:47:40] ,330400,0.842,2.715
[16:47:40] ,330410,0.844,2.715
[16:47:40] ,330420,0.845,2.715
[16:47:40] ,330430,0.845,2.715
[16:47:40] ,330440,0.845,2.717
[16:47:40] ,330450,0.847,2.717
[16:47:40] ,330460,0.847,2.717
[16:47:40] ,330470,0.847,2.717
[16:47:40] ,330480,0.847,2.717
[16:47:40] ,330490,0.848,2.717
[16:47:40] ,330500,0.848,2.717
[16:47:40] ,330510,0.850,2.717
[16:47:40] ,330520,0.851,2.717
[16:47:40] ,330530,0.853,2.717
[16:47:40] ,330540,0.854,2.717
[16:47:40] ,330550,0.854,2.717
[16:47:40] ,330560,0.856,2.718
[16:47:40] ,330570,0.856,2.718
[16:47:40] ,330580,0.857,2.718
[16:47:40] ,330590,0.857,2.718
[16:47:40] ,330600,0.857,2.718
[16:47:40] ,330610,0.857,2.718
[16:47:40] ,330620,0.857,2.718
[16:47:40] ,330630,0.857,2.718
[16:47:40] ,330640,0.857,2.718
[16:47:40] ,330650,0.859,2.718
[16:47:40] ,330660,0.859,2.718
[16:47:40] ,330670,0.861,2.718
[16:47:40] ,330680,0.862,2.718
[16:47:40] ,330690,0.862,2.718
[16:47:40] ,330700,0.864,2.718
[16:47:40] ,330710,0.865,2.718
[16:47:40] ,330720,0.865,2.718
[16:47:40] ,330730,0.867,2.718
[16:47:40] ,330740,0.867,2.718
[16:47:40] ,330750,0.867,2.718
[16:47:40] ,330760,0.867,2.718
[16:47:40] ,330770,0.867,2.718
[16:47:40] ,330780,0.867,2.718
[16:47:40] ,330790,0.868,2.717
[16:47:40] ,330800,0.868,2.717
[16:47:40] ,330810,0.868,2.717
[16:47:40] ,330820,0.868,2.717
[16:47:40] ,330830,0.870,2.717
[16:47:40] ,330840,0.870,2.717
[16:47:40] ,330850,0.870,2.717
[16:47:40] ,330860,0.871,2.717
[16:47:40] ,330870,0.871,2.717
[16:47:40] ,330880,0.873,2.715
[16:47:40] ,330890,0.874,2.715
[16:47:40] ,330900,0.874,2.715
[16:47:40] ,330910,0.876,2.715
[16:47:40] ,330920,0.877,2.715
[16:47:40] ,330930,0.877,2.715
[16:47:40] ,330940,0.877,2.715
[16:47:40] ,330950,0.877,2.715
[16:47:40] ,330960,0.877,2.715
[16:47:40] ,330970,0.877,2.715
[16:47:40] ,330980,0.877,2.715
[16:47:40] ,330990,0.877,2.715
[16:47:40] ,331000,0.879,2.715
[16:47:40] ,331010,0.879,2.715
[16:47:40] ,331020,0.881,2.715
[16:47:40] ,331030,0.882,2.715
[16:47:40] ,331040,0.882,2.715
[16:47:40] ,331050,0.884,2.715
[16:47:40] ,331060,0.884,2.715
[16:47:40] ,331070,0.885,2.715
[16:47:40] ,331080,0.885,2.715
[16:47:40] ,331090,0.885,2.715
[16:47:40] ,331100,0.885,2.715
[16:47:40] ,331110,0.885,2.717
[16:47:40] ,331120,0.885,2.717
[16:47:40] ,331130,0.885,2.717
[16:47:40] ,331140,0.885,2.717
[16:47:40] ,331150,0.885,2.717
[16:47:40] ,331160,0.887,2.717
[16:47:40] ,331170,0.888,2.717
[16:47:40] ,331180,0.888,2.717
[16:47:40] ,331190,0.888,2.717
[16:47:40] ,331200,0.890,2.717
[16:47:40] ,331210,0.890,2.717
[16:47:40] ,331220,0.890,2.718
[16:47:40] ,331230,0.890,2.718
[16:47:40] ,331240,0.891,2.718
[16:47:40] ,331250,0.891,2.718
[16:47:40] ,331260,0.891,2.718
[16:47:40] ,331270,0.891,2.718
[16:47:40] ,331280,0.893,2.718
[16:47:40] ,331290,0.893,2.718
[16:47:40] ,331300,0.893,2.718
[16:47:40] ,331310,0.894,2.718
[16:47:40] ,331320,0.894,2.718
[16:47:40] ,331330,0.894,2.718
[16:47:40] ,331340,0.894,2.718
[16:47:40] ,331350,0.896,2.718
[16:47:40] ,331360,0.896,2.718
[16:47:40] ,331370,0.896,2.718
[16:47:40] ,331380,0.896,2.718
[16:47:40] ,331390,0.896,2.718
[16:47:40] ,331400,0.897,2.718
[16:47:40] ,331410,0.897,2.718
[16:47:40] ,331420,0.897,2.718
[16:47:40] ,331430,0.897,2.718
[16:47:40] ,331440,0.897,2.718
[16:47:40] ,331450,0.897,2.718
[16:47:40] ,331460,0.897,2.718
[16:47:40] ,331470,0.897,2.718
[16:47:40] ,331480,0.897,2.717
[16:47:40] ,331490,0.897,2.717
[16:47:40] ,331500,0.897,2.717
[16:47:40] ,331510,0.899,2.717
[16:47:40] ,331520,0.899,2.717
[16:47:40] ,331530,0.899,2.717
[16:47:40] ,331540,0.899,2.717
[16:47:40] ,331550,0.899,2.717
[16:47:40] ,331560,0.899,2.715
[16:47:40] ,331570,0.899,2.715
[16:47:40] ,331580,0.899,2.715
[16:47:40] ,331590,0.900,2.715
[16:47:40] ,331600,0.900,2.715
[16:47:40] ,331610,0.900,2.715
[16:47:40] ,331620,0.900,2.715
[16:47:40] ,331630,0.900,2.715
[16:47:40] ,331640,0.899,2.715
[16:47:40] ,331650,0.899,2.715
[16:47:40] ,331660,0.900,2.715
[16:47:40] ,331670,0.900,2.715
[16:47:40] ,331680,0.900,2.715
[16:47:40] ,331690,0.900,2.715
[16:47:40] ,331700,0.902,2.715
[16:47:40] ,331710,0.902,2.715
[16:47:40] ,331720,0.902,2.715
[16:47:40] ,331730,0.902,2.715
[16:47:40] ,331740,0.902,2.715
[16:47:40] ,331750,0.902,2.717
[16:47:40] ,331760,0.902,2.717
[16:47:40] ,331770,0.902,2.717
[16:47:40] ,331780,0.902,2.717
[16:47:40] ,331790,0.902,2.717
[16:47:40] ,331800,0.902,2.717
[16:47:40] ,331810,0.902,2.717
[16:47:40] ,331820,0.904,2.718
[16:47:40] ,331830,0.904,2.718
[16:47:40] ,331840,0.904,2.717
[16:47:40] ,331850,0.904,2.718
[16:47:40] ,331860,0.904,2.718
[16:47:40] ,331870,0.902,2.718
[16:47:40] ,331880,0.904,2.718
[16:47:40] ,331890,0.904,2.718
[16:47:40] ,331900,0.904,2.718
[16:47:40] ,331910,0.904,2.718
[16:47:40] ,331920,0.905,2.718
[16:47:40] ,331930,0.905,2.718
[16:47:40] ,331940,0.905,2.718
[16:47:40] ,331950,0.905,2.718
[16:47:40] ,331960,0.905,2.718
[16:47:40] ,331970,0.907,2.718
[16:47:40] ,331980,0.907,2.718
[16:47:40] ,331990,0.907,2.718
[16:47:40] ,332000,0.907,2.718
[16:47:40] ,332010,0.907,2.718
[16:47:40] ,332020,0.907,2.718
[16:47:40] ,332030,0.907,2.718
[16:47:40] ,332040,0.907,2.718
[16:47:40] ,332050,0.907,2.717
[16:47:40] ,332060,0.907,2.717
[16:47:40] ,332070,0.907,2.717
[16:47:40] ,332080,0.907,2.717
[16:47:40] ,332090,0.907,2.717
[16:47:40] ,332100,0.907,2.717
[16:47:40] ,332110,0.907,2.717
[16:47:40] ,332120,0.907,2.717
[16:47:40] ,332130,0.907,2.717
[16:47:40] ,332140,0.907,2.717
[16:47:40] ,332150,0.907,2.715
[16:47:40] ,332160,0.907,2.715
[16:47:40] ,332170,0.907,2.715
[16:47:40] ,332180,0.908,2.715
[16:47:40] ,332190,0.908,2.715
[16:47:40] ,332200,0.908,2.715
[16:47:40] ,332210,0.908,2.715
[16:47:40] ,332220,0.908,2.715
[16:47:40] ,332230,0.907,2.715
[16:47:40] ,332240,0.907,2.715
[16:47:40] ,332250,0.908,2.715
[16:47:40] ,332260,0.908,2.715
[16:47:40] ,332270,0.908,2.715
[16:47:40] ,332280,0.908,2.715
[16:47:40] ,332290,0.910,2.715
[16:47:40] ,332300,0.910,2.715
[16:47:40] ,332310,0.910,2.715
[16:47:40] ,332320,0.910,2.715
[16:47:40] ,332330,0.910,2.715
[16:47:40] ,332340,0.910,2.715
[16:47:40] ,332350,0.910,2.715
[16:47:40] ,332360,0.910,2.715
[16:47:40] ,332370,0.910,2.717
[16:47:40] ,332380,0.910,2.717
[16:47:40] ,332390,0.910,2.717
[16:47:40] ,332400,0.910,2.717
[16:47:40] ,332410,0.910,2.717
[16:47:40] ,332420,0.910,2.717
[16:47:40] ,332430,0.910,2.717
[16:47:40] ,332440,0.910,2.717
[16:47:40] ,332450,0.910,2.717
[16:47:40] ,332460,0.910,2.717
[16:47:40] ,332470,0.910,2.717
[16:47:40] ,332480,0.910,2.718
[16:47:40] ,332490,0.910,2.718
[16:47:40] ,332500,0.910,2.718
[16:47:40] ,332510,0.910,2.718
[16:47:40] ,332520,0.910,2.718
[16:47:40] ,332530,0.910,2.718
[16:47:40] ,332540,0.910,2.718
[16:47:40] ,332550,0.910,2.718
[16:47:40] ,332560,0.910,2.718
[16:47:40] ,332570,0.910,2.718
[16:47:40] ,332580,0.910,2.718
[16:47:40] ,332590,0.910,2.718
[16:47:40] ,332600,0.910,2.718
[16:47:40] ,332610,0.910,2.718
[16:47:40] ,332620,0.910,2.717
[16:47:40] ,332630,0.910,2.718
[16:47:40] ,332640,0.910,2.717
[16:47:40] ,332650,0.910,2.717
[16:47:40] ,332660,0.910,2.717
[16:47:40] ,332670,0.910,2.717
[16:47:40] ,332680,0.910,2.717
[16:47:40] ,332690,0.910,2.717
[16:47:40] ,332700,0.910,2.717
[16:47:40] ,332710,0.910,2.717
[16:47:40] ,332720,0.910,2.717
[16:47:40] ,332730,0.910,2.717
[16:47:40] ,332740,0.910,2.717
[16:47:40] ,332750,0.910,2.717
[16:47:40] ,332760,0.910,2.717
[16:47:40] ,332770,0.910,2.717
[16:47:40] ,332780,0.910,2.717
[16:47:40] ,332790,0.910,2.715
[16:47:40] ,332800,0.910,2.715
[16:47:40] ,332810,0.910,2.715
[16:47:40] ,332820,0.910,2.715
[16:47:40] ,332830,0.910,2.715
[16:47:40] ,332840,0.910,2.715
[16:47:40] ,332850,0.910,2.715
[16:47:40] ,332860,0.910,2.717
[16:47:40] ,332870,0.910,2.717
[16:47:40] ,332880,0.910,2.717
[16:47:40] ,332890,0.910,2.717
[16:47:40] ,332900,0.910,2.717
[16:47:40] ,332910,0.910,2.717
[16:47:40] ,332920,0.910,2.717
[16:47:40] ,332930,0.910,2.715
[16:47:40] ,332940,0.910,2.715
[16:47:40] ,332950,0.910,2.717
[16:47:40] ,332960,0.910,2.717
[16:47:40] ,332970,0.910,2.717
[16:47:40] ,332980,0.910,2.717
[16:47:40] ,332990,0.910,2.717
[16:47:40] ,333000,0.910,2.717
[16:47:40] ,333010,0.910,2.717
[16:47:40] ,333020,0.910,2.717
[16:47:40] ,333030,0.910,2.717
[16:47:40] ,333040,0.910,2.717
[16:47:40] ,333050,0.910,2.717
[16:47:40] ,333060,0.910,2.717
[16:47:40] ,333070,0.910,2.717
[16:47:40] ,333080,0.910,2.717
[16:47:40] ,333090,0.910,2.717
[16:47:40] ,333100,0.910,2.717
[16:47:40] ,333110,0.910,2.717
[16:47:40] ,333120,0.910,2.717
[16:47:40] ,333130,0.910,2.717
[16:47:40] ,333140,0.910,2.717
[16:47:40] ,333150,0.910,2.717
[16:47:40] ,333160,0.910,2.717
[16:47:40] ,333170,0.910,2.717
[16:47:40] ,333180,0.910,2.717
[16:47:40] ,333190,0.910,2.717
[16:47:40] ,333200,0.910,2.717
[16:47:40] ,333210,0.910,2.717
[16:47:40] ,333220,0.910,2.717
[16:47:40] ,333230,0.910,2.717
[16:47:40] ,333240,0.910,2.717
[16:47:40] ,333250,0.910,2.717
[16:47:40] ,333260,0.910,2.717
[16:47:40] ,333270,0.910,2.717
[16:47:40] ,333280,0.910,2.717
[16:47:40] ,333290,0.910,2.717
[16:47:40] ,333300,0.910,2.717
[16:47:40] ,333310,0.910,2.717
[16:47:40] ,333320,0.910,2.717
[16:47:40] ,333330,0.910,2.717
[16:47:40] ,333340,0.910,2.717
[16:47:40] ,333350,0.910,2.717
[16:47:40] ,333360,0.910,2.717
[16:47:40] ,333370,0.910,2.717
[16:47:40] ,333380,0.910,2.717
[16:47:40] ,333390,0.910,2.717
[16:47:40] ,333400,0.910,2.717
[16:47:40] ,333410,0.910,2.717
[16:47:40] ,333420,0.910,2.715
[16:47:40] ,333430,0.910,2.715
[16:47:40] ,333440,0.910,2.717
[16:47:40] ,333450,0.910,2.717
[16:47:40] ,333460,0.910,2.715
[16:47:40] ,333470,0.910,2.715
[16:47:40] ,333480,0.910,2.717
[16:47:40] ,333490,0.910,2.715
[16:47:40] ,333500,0.910,2.715
[16:47:40] ,333510,0.910,2.717
[16:47:40] ,333520,0.910,2.717
[16:47:40] ,333530,0.910,2.717
[16:47:40] ,333540,0.910,2.717
[16:47:40] ,333550,0.910,2.717
[16:47:40] ,333560,0.910,2.717
[16:47:40] ,333570,0.910,2.717
[16:47:40] ,333580,0.910,2.717
[16:47:40] ,333590,0.910,2.717
[16:47:40] ,333600,0.910,2.717
[16:47:40] ,333610,0.910,2.717
[16:47:40] ,333620,0.910,2.717
[16:47:40] ,333630,0.910,2.717
[16:47:40] ,333640,0.910,2.717
[16:47:40] ,333650,0.910,2.717
[16:47:40] ,333660,0.910,2.717
[16:47:40] ,333670,0.910,2.717
[16:47:40] ,333680,0.910,2.717
[16:47:40] ,333690,0.910,2.717
[16:47:40] ,333700,0.910,2.717
[16:47:40] ,333710,0.910,2.717
[16:47:40] ,333720,0.910,2.717
[16:47:40] ,333730,0.910,2.717
[16:47:40] ,333740,0.910,2.717
[16:47:40] ,333750,0.910,2.717
[16:47:40] ,333760,0.910,2.717
[16:47:40] ,333770,0.910,2.717
[16:47:40] ,333780,0.910,2.717
[16:47:40] ,333790,0.910,2.717
[16:47:40] ,333800,0.910,2.717
[16:47:40] ,333810,0.910,2.717
[16:47:40] ,333820,0.910,2.717
[16:47:40] ,333830,0.910,2.717
[16:47:40] ,333840,0.910,2.717
[16:47:40] ,333850,0.910,2.717
[16:47:40] ,333860,0.910,2.717
[16:47:40] ,333870,0.910,2.717
[16:47:40] ,333880,0.910,2.717
[16:47:40] ,333890,0.910,2.717
[16:47:40] ,333900,0.910,2.717
[16:47:40] ,333910,0.910,2.717
[16:47:40] ,333920,0.910,2.717
[16:47:40] ,333930,0.910,2.717
[16:47:40] ,333940,0.910,2.717
[16:47:40] ,333950,0.910,2.717
[16:47:40] ,333960,0.910,2.717
[16:47:40] ,333970,0.910,2.717
[16:47:40] ,333980,0.910,2.717
[16:47:40] ,333990,0.910,2.717
[16:47:40] ,334000,0.910,2.717
[16:47:40] ,334010,0.910,2.717
[16:47:40] ,334020,0.910,2.717
[16:47:40] ,334030,0.910,2.715
[16:47:40] ,334040,0.910,2.715
[16:47:40] ,334050,0.910,2.715
[16:47:40] ,334060,0.910,2.715
[16:47:40] ,334070,0.910,2.715
[16:47:40] ,334080,0.910,2.715
[16:47:40] ,334090,0.910,2.715
[16:47:40] ,334100,0.910,2.715
[16:47:40] ,334110,0.910,2.717
[16:47:40] ,334120,0.910,2.717
[16:47:40] ,334130,0.910,2.717
[16:47:40] ,334140,0.910,2.717
[16:47:40] ,334150,0.910,2.717
[16:47:40] ,334160,0.910,2.717
[16:47:40] ,334170,0.910,2.717
[16:47:40] ,334180,0.910,2.717
[16:47:40] ,334190,0.910,2.717
[16:47:40] ,334200,0.910,2.717
[16:47:40] ,334210,0.910,2.717
[16:47:40] ,334220,0.910,2.717
[16:47:40] ,334230,0.910,2.717
[16:47:40] ,334240,0.910,2.717
[16:47:40] ,334250,0.910,2.718
[16:47:40] ,334260,0.910,2.718
[16:47:40] ,334270,0.910,2.717
[16:47:40] ,334280,0.910,2.718
[16:47:40] ,334290,0.910,2.718
[16:47:40] ,334300,0.910,2.717
[16:47:40] ,334310,0.910,2.717
[16:47:40] ,334320,0.910,2.717
[16:47:40] ,334330,0.910,2.717
[16:47:40] ,334340,0.910,2.718
[16:47:40] ,334350,0.910,2.718
[16:47:40] ,334360,0.910,2.718
[16:47:40] ,334370,0.910,2.718
[16:47:40] ,334380,0.910,2.718
[16:47:40] ,334390,0.910,2.718
[16:47:40] ,334400,0.910,2.717
[16:47:40] ,334410,0.910,2.718
[16:47:40] ,334420,0.910,2.718
[16:47:40] ,334430,0.910,2.717
[16:47:40] ,334440,0.910,2.717
[16:47:40] ,334450,0.910,2.717
[16:47:40] ,334460,0.910,2.717
[16:47:40] ,334470,0.910,2.717
[16:47:40] ,334480,0.910,2.717
[16:47:40] ,334490,0.910,2.717
[16:47:40] ,334500,0.910,2.717
[16:47:40] ,334510,0.910,2.717
[16:47:40] ,334520,0.910,2.717
[16:47:40] ,334530,0.910,2.717
[16:47:40] ,334540,0.910,2.717
[16:47:40] ,334550,0.910,2.717
[16:47:40] ,334560,0.910,2.717
[16:47:40] ,334570,0.910,2.717
[16:47:40] ,334580,0.910,2.717
[16:47:40] ,334590,0.910,2.717
[16:47:40] ,334600,0.910,2.717
[16:47:40] ,334610,0.910,2.717
[16:47:40] ,334620,0.910,2.717
[16:47:40] ,334630,0.910,2.717
[16:47:40] ,334640,0.910,2.717
[16:47:40] ,334650,0.910,2.717
[16:47:40] ,334660,0.910,2.715
[16:47:40] ,334670,0.910,2.715
[16:47:40] ,334680,0.910,2.715
[16:47:40] ,334690,0.910,2.715
[16:47:40] ,334700,0.910,2.715
[16:47:40] ,334710,0.910,2.717
[16:47:40] ,334720,0.910,2.715
[16:47:40] ,334730,0.910,2.715
[16:47:40] ,334740,0.910,2.715
[16:47:40] ,334750,0.910,2.717
[16:47:40] ,334760,0.910,2.717
[16:47:40] ,334770,0.910,2.717
[16:47:40] ,334780,0.910,2.717
[16:47:40] ,334790,0.910,2.717
[16:47:40] ,334800,0.910,2.717
[16:47:40] ,334810,0.910,2.717
[16:47:40] ,334820,0.910,2.717
[16:47:40] ,334830,0.910,2.717
[16:47:40] ,334840,0.910,2.717
[16:47:40] ,334850,0.910,2.717
[16:47:40] ,334860,0.910,2.717
[16:47:40] ,334870,0.910,2.717
[16:47:40] ,334880,0.910,2.717
[16:47:40] ,334890,0.910,2.717
[16:47:40] ,334900,0.910,2.717
[16:47:40] ,334910,0.910,2.717
[16:47:40] ,334920,0.910,2.717
[16:47:40] ,334930,0.910,2.717
[16:47:40] ,334940,0.910,2.717
[16:47:40] ,334950,0.910,2.717
[16:47:40] ,334960,0.910,2.717
[16:47:40] ,334970,0.910,2.717
[16:47:40] ,334980,0.910,2.717
[16:47:40] ,334990,0.910,2.717
[16:47:40] ,335000,0.910,2.717
[16:47:40] ,335010,0.910,2.718
[16:47:40] ,335020,0.910,2.718
[16:47:40] ,335030,0.910,2.718
[16:47:40] ,335040,0.910,2.718
[16:47:40] ,335050,0.910,2.717
[16:47:40] ,335060,0.910,2.717
[16:47:40] ,335070,0.910,2.717
[16:47:40] ,335080,0.910,2.717
[16:47:40] ,335090,0.910,2.717
[16:47:40] ,335100,0.910,2.718
[16:47:40] ,335110,0.910,2.718
[16:47:40] ,335120,0.910,2.717
[16:47:40] ,335130,0.910,2.717
[16:47:40] ,335140,0.910,2.717
[16:47:40] ,335150,0.910,2.717
[16:47:40] ,335160,0.910,2.717
[16:47:40] ,335170,0.910,2.717
[16:47:40] ,335180,0.910,2.717
[16:47:40] ,335190,0.910,2.717
[16:47:40] ,335200,0.910,2.717
[16:47:40] ,335210,0.910,2.717
[16:47:40] ,335220,0.910,2.717
[16:47:40] ,335230,0.910,2.717
[16:47:40] ,335240,0.910,2.717
[16:47:40] ,335250,0.910,2.717
[16:47:40] ,335260,0.910,2.717
[16:47:40] ,335270,0.910,2.717
[16:47:40] ,335280,0.910,2.717
[16:47:40] ,335290,0.910,2.717
[16:47:40] ,335300,0.910,2.717
[16:47:40] ,335310,0.910,2.717
[16:47:40] ,335320,0.910,2.717
[16:47:40] ,335330,0.910,2.715
[16:47:40] ,335340,0.910,2.715
[16:47:40] ,335350,0.910,2.715
[16:47:40] ,335360,0.910,2.715
[16:47:40] ,335370,0.910,2.715
[16:47:40] ,335380,0.910,2.715
[16:47:40] ,335390,0.910,2.715
[16:47:40] ,335400,0.910,2.715
[16:47:40] ,335410,0.910,2.715
[16:47:40] ,335420,0.910,2.715
[16:47:40] ,335430,0.910,2.715
[16:47:40] ,335440,0.910,2.717
[16:47:40] ,335450,0.910,2.717
[16:47:40] ,335460,0.910,2.717
[16:47:40] ,335470,0.910,2.717
[16:47:40] ,335480,0.910,2.717
[16:47:40] ,335490,0.910,2.717
[16:47:40] ,335500,0.910,2.717
[16:47:40] ,335510,0.910,2.717
[16:47:40] ,335520,0.910,2.717
[16:47:40] ,335530,0.910,2.717
[16:47:40] ,335540,0.910,2.717
[16:47:40] ,335550,0.910,2.717
[16:47:40] ,335560,0.910,2.717
[16:47:40] ,335570,0.910,2.718
[16:47:40] ,335580,0.910,2.718
[16:47:40] ,335590,0.910,2.718
[16:47:40] ,335600,0.910,2.718
[16:47:40] ,335610,0.910,2.718
[16:47:40] ,335620,0.910,2.718
[16:47:40] ,335630,0.910,2.718
[16:47:40] ,335640,0.910,2.718
[16:47:40] ,335650,0.910,2.718
[16:47:40] ,335660,0.910,2.718
[16:47:40] ,335670,0.910,2.718
[16:47:40] ,335680,0.910,2.718
[16:47:40] ,335690,0.910,2.718
[16:47:40] ,335700,0.910,2.718
[16:47:40] ,335710,0.910,2.718
[16:47:40] ,335720,0.910,2.717
[16:47:40] ,335730,0.910,2.717
[16:47:40] ,335740,0.910,2.717
[16:47:40] ,335750,0.910,2.717
[16:47:40] ,335760,0.910,2.717
[16:47:40] ,335770,0.910,2.717
[16:47:40] ,335780,0.910,2.717
[16:47:40] ,335790,0.910,2.717
[16:47:40] ,335800,0.910,2.717
[16:47:40] ,335810,0.910,2.717
[16:47:40] ,335820,0.910,2.717
[16:47:40] ,335830,0.910,2.717
[16:47:40] ,335840,0.910,2.717
[16:47:40] ,335850,0.910,2.717
[16:47:40] ,335860,0.910,2.717
[16:47:40] ,335870,0.910,2.715
[16:47:40] ,335880,0.910,2.715
[16:47:40] ,335890,0.910,2.715
[16:47:40] ,335900,0.910,2.715
[16:47:40] ,335910,0.910,2.715
[16:47:40] ,335920,0.910,2.715
[16:47:40] ,335930,0.910,2.715
[16:47:40] ,335940,0.910,2.715
[16:47:40] ,335950,0.910,2.715
[16:47:40] ,335960,0.910,2.715
[16:47:40] ,335970,0.910,2.715
[16:47:40] ,335980,0.910,2.715
[16:47:40] ,335990,0.910,2.715
[16:47:40] ,336000,0.910,2.715
[16:47:40] ,336010,0.910,2.715
[16:47:40] ,336020,0.910,2.717
[16:47:40] ,336030,0.910,2.717
[16:47:40] ,336040,0.910,2.717
[16:47:40] ,336050,0.910,2.717
[16:47:40] ,336060,0.910,2.717
[16:47:40] ,336070,0.910,2.717
[16:47:40] ,336080,0.910,2.717
[16:47:40] ,336090,0.910,2.717
[16:47:40] ,336100,0.910,2.717
[16:47:40] ,336110,0.910,2.717
[16:47:40] ,336120,0.910,2.717
[16:47:40] ,336130,0.910,2.717
[16:47:40] ,336140,0.910,2.718
[16:47:40] ,336150,0.910,2.718
[16:47:40] ,336160,0.910,2.718
[16:47:40] ,336170,0.910,2.718
[16:47:40] ,336180,0.910,2.718
[16:47:40] ,336190,0.910,2.718
[16:47:40] ,336200,0.910,2.718
[16:47:40] ,336210,0.910,2.718
[16:47:40] ,336220,0.910,2.718
[16:47:40] ,336230,0.910,2.718
[16:47:40] ,336240,0.910,2.718
[16:47:40] ,336250,0.910,2.718
[16:47:40] ,336260,0.910,2.718
[16:47:40] ,336270,0.910,2.718
[16:47:40] ,336280,0.910,2.718
[16:47:40] ,336290,0.910,2.717
[16:47:40] ,336300,0.910,2.718
[16:47:40] ,336310,0.910,2.717
[16:47:40] ,336320,0.910,2.717
[16:47:40] ,336330,0.910,2.717
[16:47:40] ,336340,0.910,2.717
[16:47:40] ,336350,0.910,2.717
[16:47:40] ,336360,0.910,2.717
[16:47:40] ,336370,0.910,2.717
[16:47:40] ,336380,0.910,2.717
[16:47:40] ,336390,0.910,2.717
[16:47:40] ,336400,0.910,2.717
[16:47:40] ,336410,0.910,2.717
[16:47:40] ,336420,0.910,2.717
[16:47:40] ,336430,0.910,2.717
[16:47:40] ,336440,0.910,2.717
[16:47:40] ,336450,0.910,2.717
[16:47:40] ,336460,0.910,2.717
[16:47:40] ,336470,0.910,2.715
[16:47:40] ,336480,0.910,2.715
[16:47:40] ,336490,0.910,2.717
[16:47:40] ,336500,0.910,2.715
[16:47:40] ,336510,0.910,2.715
[16:47:40] ,336520,0.910,2.715
[16:47:40] ,336530,0.910,2.715
[16:47:40] ,336540,0.910,2.715
[16:47:40] ,336550,0.910,2.715
[16:47:40] ,336560,0.910,2.715
[16:47:40] ,336570,0.910,2.715
[16:47:40] ,336580,0.910,2.715
[16:47:40] ,336590,0.910,2.717
[16:47:40] ,336600,0.910,2.717
[16:47:40] ,336610,0.910,2.717
[16:47:40] ,336620,0.910,2.717
[16:47:40] ,336630,0.910,2.717
[16:47:40] ,336640,0.910,2.717
[16:47:40] ,336650,0.910,2.717
[16:47:40] ,336660,0.910,2.717
[16:47:40] ,336670,0.910,2.717
[16:47:40] ,336680,0.910,2.717
[16:47:40] ,336690,0.910,2.717
[16:47:40] ,336700,0.910,2.717
[16:47:40] ,336710,0.910,2.717
[16:47:40] ,336720,0.910,2.717
[16:47:40] ,336730,0.910,2.717
[16:47:40] ,336740,0.910,2.718
[16:47:40] ,336750,0.910,2.718
[16:47:40] ,336760,0.910,2.718
[16:47:40] ,336770,0.910,2.718
[16:47:40] ,336780,0.910,2.718
[16:47:40] ,336790,0.910,2.717
[16:47:40] ,336800,0.910,2.718
[16:47:40] ,336810,0.910,2.718
[16:47:40] ,336820,0.910,2.718
[16:47:40] ,336830,0.910,2.718
[16:47:40] ,336840,0.910,2.718
[16:47:40] ,336850,0.910,2.718
[16:47:40] ,336860,0.910,2.718
[16:47:40] ,336870,0.910,2.718
[16:47:40] ,336880,0.910,2.718
[16:47:40] ,336890,0.910,2.718
[16:47:40] ,336900,0.910,2.718
[16:47:40] ,336910,0.910,2.717
[16:47:40] ,336920,0.910,2.717
[16:47:40] ,336930,0.910,2.717
[16:47:40] ,336940,0.910,2.717
[16:47:40] ,336950,0.910,2.717
[16:47:40] ,336960,0.910,2.717
[16:47:40] ,336970,0.910,2.717
[16:47:40] ,336980,0.910,2.717
[16:47:40] ,336990,0.910,2.717
[16:47:40] ,337000,0.910,2.717
[16:47:40] ,337010,0.910,2.717
[16:47:40] ,337020,0.910,2.717
[16:47:40] ,337030,0.910,2.717
[16:47:40] ,337040,0.910,2.717
[16:47:40] ,337050,0.910,2.715
[16:47:40] ,337060,0.910,2.715
[16:47:40] ,337070,0.910,2.715
[16:47:40] ,337080,0.910,2.715
[16:47:40] ,337090,0.910,2.717
[16:47:40] ,337100,0.910,2.715
[16:47:40] ,337110,0.910,2.715
[16:47:40] ,337120,0.910,2.717
[16:47:40] ,337130,0.910,2.717
[16:47:40] ,337140,0.910,2.715
[16:47:40] ,337150,0.910,2.715