Top Pos_x,Top Pos_y,Bottom Pos_x,Bottom Pos_y
0.,0.012,0.,-0.002
0.01,0.012,0.01,-0.002
0.0200000000,0.012,0.0200000000,-0.002
0.0300000000,0.011,0.0300000000,0.
0.04,0.011,0.04,0.
0.05,0.011,0.05,-0.002
0.0600000000,0.011,0.0600000000,-0.002
0.07,0.011,0.07,-0.002
0.08,0.012,0.08,0.
0.0900000000,0.011,0.0900000000,0.
0.1,0.011,0.1,-0.002
0.11,0.011,0.11,-0.002
0.1200000000,0.011,0.1200000000,0.
0.13,0.012,0.13,0.
0.14,0.012,0.14,0.
0.1500000000,0.012,0.1500000000,0.
0.16,0.011,0.16,-0.002
0.17,0.011,0.17,0.
0.1800000000,0.011,0.1800000000,-0.002
0.19,0.011,0.19,-0.002
0.2,0.011,0.2,-0.002
0.2100000000,0.012,0.2100000000,0.
0.22,0.012,0.22,-0.002
0.23,0.012,0.23,-0.002
0.2400000000,0.012,0.2400000000,0.
0.25,0.011,0.25,0.
0.26,0.011,0.26,-0.002
0.2700000000,0.011,0.2700000000,-0.002
0.2800000000,0.012,0.2800000000,-0.002
0.29,0.012,0.29,-0.002
0.3,0.012,0.3,-0.002
0.3100000000,0.012,0.3100000000,-0.002
0.32,0.011,0.32,-0.002
0.33,0.011,0.33,-0.002
0.3400000000,0.011,0.3400000000,-0.002
0.35,0.012,0.35,-0.002
0.36,0.012,0.36,-0.002
0.3700000000,0.012,0.3700000000,-0.002
0.38,0.012,0.38,-0.002
0.39,0.012,0.39,-0.002
0.4000000000,0.011,0.4000000000,-0.002
0.41,0.011,0.41,-0.002
0.42,0.011,0.42,-0.002
0.4300000000,0.012,0.4300000000,0.
0.44,0.012,0.44,-0.002
0.45,0.012,0.45,-0.002
0.4600000000,0.012,0.4600000000,0.
0.47,0.011,0.47,-0.002
0.48,0.011,0.48,0.
0.4900000000,0.012,0.4900000000,-0.002
0.5,0.011,0.5,-0.002
0.51,0.012,0.51,-0.002
0.5200000000,0.012,0.5200000000,-0.002
0.5300000000,0.012,0.5300000000,-0.002
0.54,0.012,0.54,-0.002
0.55,0.012,0.55,-0.002
0.5600000000,0.012,0.5600000000,-0.002
0.57,0.011,0.57,-0.002
0.58,0.011,0.58,-0.002
0.5900000000,0.011,0.5900000000,-0.002
0.6,0.011,0.6,-0.002
0.61,0.012,0.61,-0.002
0.6200000000,0.012,0.6200000000,-0.002
0.63,0.012,0.63,-0.002
0.64,0.011,0.64,-0.002
0.6500000000,0.011,0.6500000000,-0.002
0.66,0.011,0.66,-0.002
0.67,0.011,0.67,-0.002
0.6800000000,0.012,0.6800000000,-0.002
0.69,0.012,0.69,0.
0.7,0.011,0.7,0.
0.7100000000,0.011,0.7100000000,-0.002
0.72,0.011,0.72,0.
0.73,0.011,0.73,0.
0.7400000000,0.011,0.7400000000,0.
0.75,0.012,0.75,0.
0.76,0.011,0.76,0.
0.7700000000,0.012,0.7700000000,0.
0.7800000000,0.012,0.7800000000,0.
0.79,0.011,0.79,0.
0.8,0.011,0.8,-0.002
0.8100000000,0.011,0.8100000000,0.
0.82,0.011,0.82,0.
0.83,0.012,0.83,0.
0.8400000000,0.012,0.8400000000,0.
0.85,0.011,0.85,0.
0.86,0.011,0.86,0.
0.8700000000,0.011,0.8700000000,0.
0.88,0.011,0.88,0.
0.89,0.011,0.89,0.
0.9000000000,0.011,0.9000000000,0.
0.91,0.011,0.91,0.
0.92,0.011,0.92,0.
0.9300000000,0.011,0.9300000000,0.
0.94,0.011,0.94,0.
0.95,0.012,0.95,0.
0.9600000000,0.011,0.9600000000,0.
0.97,0.011,0.97,0.
0.98,0.011,0.98,0.
0.9900000000,0.011,0.9900000000,0.
1.,0.011,1.,0.
1.01,0.012,1.01,-0.002
1.0200000000,0.012,1.0200000000,0.
1.0300000000,0.011,1.0300000000,-0.002
1.04,0.011,1.04,-0.002
1.05,0.011,1.05,0.
1.0600000000,0.011,1.0600000000,0.
1.07,0.012,1.07,0.
1.08,0.012,1.08,0.
1.0900000000,0.012,1.0900000000,0.
1.1,0.012,1.1,0.
1.11,0.011,1.11,0.
1.1200000000,0.011,1.1200000000,-0.002
1.13,0.011,1.13,-0.002
1.14,0.011,1.14,0.
1.1500000000,0.012,1.1500000000,0.
1.16,0.012,1.16,0.
1.17,0.012,1.17,0.
1.1800000000,0.012,1.1800000000,0.
1.19,0.011,1.19,-0.002
1.2,0.011,1.2,0.
1.2100000000,0.011,1.2100000000,0.
1.22,0.011,1.22,0.
1.23,0.011,1.23,0.
1.2400000000,0.012,1.2400000000,0.
1.25,0.012,1.25,0.
1.26,0.011,1.26,0.
1.2700000000,0.011,1.2700000000,0.
1.2800000000,0.011,1.2800000000,0.
1.29,0.011,1.29,0.
1.3,0.012,1.3,0.
1.3100000000,0.012,1.3100000000,0.
1.32,0.012,1.32,0.
1.33,0.012,1.33,0.
1.3400000000,0.012,1.3400000000,-0.002
1.35,0.011,1.35,0.
1.36,0.011,1.36,0.
1.3700000000,0.011,1.3700000000,0.
1.38,0.011,1.38,0.
1.39,0.011,1.39,0.
1.4000000000,0.012,1.4000000000,0.
1.41,0.012,1.41,0.
1.42,0.012,1.42,0.
1.4300000000,0.012,1.4300000000,0.
1.44,0.011,1.44,0.
1.45,0.011,1.45,0.
1.4600000000,0.011,1.4600000000,0.
1.47,0.011,1.47,0.
1.48,0.011,1.48,0.
1.4900000000,0.011,1.4900000000,0.
1.5,0.011,1.5,0.
1.51,0.011,1.51,0.
1.5200000000,0.011,1.5200000000,-0.002
1.5300000000,0.012,1.5300000000,0.
1.54,0.012,1.54,-0.002
1.55,0.011,1.55,0.
1.5600000000,0.011,1.5600000000,-0.002
1.57,0.011,1.57,-0.002
1.58,0.011,1.58,-0.002
1.5900000000,0.011,1.5900000000,-0.002
1.6,0.012,1.6,-0.002
1.61,0.012,1.61,-0.002
1.6200000000,0.011,1.6200000000,-0.002
1.63,0.011,1.63,0.
1.64,0.011,1.64,-0.002
1.6500000000,0.011,1.6500000000,0.
1.66,0.012,1.66,-0.002
1.67,0.012,1.67,-0.002
1.6800000000,0.012,1.6800000000,-0.002
1.69,0.011,1.69,-0.002
1.7,0.011,1.7,-0.002
1.7100000000,0.011,1.7100000000,-0.002
1.72,0.011,1.72,-0.002
1.73,0.011,1.73,-0.002
1.7400000000,0.011,1.7400000000,-0.002
1.75,0.012,1.75,-0.002
1.76,0.011,1.76,-0.002
1.7700000000,0.011,1.7700000000,-0.002
1.7800000000,0.011,1.7800000000,-0.002
1.79,0.011,1.79,-0.002
1.8,0.012,1.8,-0.002
1.8100000000,0.012,1.8100000000,-0.002
1.82,0.012,1.82,-0.002
1.83,0.012,1.83,-0.002
1.8400000000,0.012,1.8400000000,0.
1.85,0.011,1.85,-0.002
1.86,0.011,1.86,0.
1.8700000000,0.011,1.8700000000,-0.002
1.88,0.012,1.88,-0.002
1.89,0.012,1.89,-0.002
1.9000000000,0.012,1.9000000000,-0.002
1.91,0.012,1.91,-0.002
1.92,0.012,1.92,-0.002
1.9300000000,0.011,1.9300000000,-0.002
1.94,0.011,1.94,-0.002
1.95,0.011,1.95,-0.002
1.9600000000,0.012,1.9600000000,-0.002
1.97,0.012,1.97,-0.002
1.98,0.012,1.98,-0.002
1.9900000000,0.012,1.9900000000,-0.002
2.,0.011,2.,-0.002
2.01,0.011,2.01,-0.002
2.0200000000,0.011,2.0200000000,-0.002
2.0300000000,0.011,2.0300000000,-0.002
2.04,0.012,2.04,-0.002
2.05,0.012,2.05,-0.002
2.0600000000,0.011,2.0600000000,0.
2.07,0.011,2.07,0.
2.08,0.011,2.08,0.
2.0900000000,0.011,2.0900000000,0.
2.1,0.011,2.1,0.
2.11,0.011,2.11,-0.002
2.1200000000,0.011,2.1200000000,-0.002
2.13,0.011,2.13,0.
2.14,0.011,2.14,0.
2.1500000000,0.011,2.1500000000,0.
2.16,0.011,2.16,0.
2.17,0.011,2.17,0.
2.1800000000,0.012,2.1800000000,0.
2.19,0.011,2.19,0.
2.2,0.011,2.2,0.
2.2100000000,0.011,2.2100000000,0.
2.22,0.011,2.22,0.
2.23,0.011,2.23,0.
2.2400000000,0.012,2.2400000000,0.
2.25,0.011,2.25,0.
2.26,0.012,2.26,0.
2.2700000000,0.011,2.2700000000,-0.002
2.2800000000,0.011,2.2800000000,0.
2.29,0.011,2.29,-0.002
2.3,0.011,2.3,-0.002
2.3100000000,0.011,2.3100000000,0.
2.32,0.011,2.32,0.
2.33,0.012,2.33,0.
2.3400000000,0.012,2.3400000000,0.
2.35,0.012,2.35,0.
2.36,0.011,2.36,0.
2.3700000000,0.011,2.3700000000,-0.002
2.38,0.011,2.38,0.
2.39,0.011,2.39,0.
2.4000000000,0.011,2.4000000000,0.
2.41,0.011,2.41,0.
2.42,0.012,2.42,0.
2.4300000000,0.012,2.4300000000,0.
2.44,0.012,2.44,0.
2.45,0.011,2.45,0.
2.4600000000,0.011,2.4600000000,0.
2.47,0.011,2.47,0.
2.48,0.011,2.48,0.
2.4900000000,0.012,2.4900000000,-0.002
2.5,0.011,2.5,0.
2.51,0.011,2.51,0.
2.5200000000,0.011,2.5200000000,0.
2.5300000000,0.011,2.5300000000,0.
2.54,0.011,2.54,0.
2.55,0.011,2.55,0.
2.5600000000,0.011,2.5600000000,0.
2.57,0.012,2.57,0.
2.58,0.012,2.58,0.
2.5900000000,0.011,2.5900000000,0.
2.6,0.011,2.6,0.
2.61,0.011,2.61,0.
2.6200000000,0.011,2.6200000000,0.
2.63,0.011,2.63,0.
2.64,0.011,2.64,0.
2.6500000000,0.011,2.6500000000,0.
2.66,0.011,2.66,0.
2.67,0.012,2.67,0.
2.6800000000,0.011,2.6800000000,0.
2.69,0.012,2.69,0.
2.7,0.011,2.7,0.
2.7100000000,0.012,2.7100000000,-0.002
2.72,0.011,2.72,-0.002
2.73,0.012,2.73,-0.002
2.7400000000,0.011,2.7400000000,-0.002
2.75,0.012,2.75,0.
2.76,0.011,2.76,-0.002
2.7700000000,0.011,2.7700000000,-0.002
2.7800000000,0.011,2.7800000000,0.
2.79,0.011,2.79,-0.002
2.8,0.012,2.8,-0.002
2.8100000000,0.012,2.8100000000,-0.002
2.82,0.012,2.82,-0.002
2.83,0.012,2.83,-0.002
2.8400000000,0.011,2.8400000000,-0.002
2.85,0.011,2.85,-0.002
2.86,0.011,2.86,-0.002
2.8700000000,0.012,2.8700000000,-0.002
2.88,0.012,2.88,-0.002
2.89,0.012,2.89,-0.002
2.9000000000,0.012,2.9000000000,-0.002
2.91,0.012,2.91,-0.002
2.92,0.011,2.92,-0.002
2.9300000000,0.011,2.9300000000,-0.002
2.94,0.011,2.94,-0.002
2.95,0.011,2.95,-0.002
2.9600000000,0.012,2.9600000000,-0.002
2.97,0.012,2.97,-0.002
2.98,0.011,2.98,-0.002
2.9900000000,0.011,2.9900000000,0.
3.,0.011,3.,0.
3.01,0.011,3.01,0.
3.0200000000,0.011,3.0200000000,-0.002
3.0300000000,0.011,3.0300000000,-0.002
3.04,0.011,3.04,-0.002
3.05,0.011,3.05,0.
3.0600000000,0.012,3.0600000000,0.
3.07,0.012,3.07,0.
3.08,0.012,3.08,0.
3.0900000000,0.011,3.0900000000,-0.002
3.1,0.012,3.1,-0.002
3.11,0.011,3.11,0.
3.1200000000,0.012,3.1200000000,-0.002
3.13,0.012,3.13,0.
3.14,0.012,3.14,0.
3.1500000000,0.012,3.1500000000,0.
3.16,0.012,3.16,0.
3.17,0.011,3.17,0.
3.1800000000,0.011,3.1800000000,0.
3.19,0.011,3.19,0.
3.2,0.012,3.2,0.
3.2100000000,0.012,3.2100000000,-0.002
3.22,0.012,3.22,0.
3.23,0.012,3.23,-0.002
3.2400000000,0.012,3.2400000000,0.
3.25,0.012,3.25,0.
3.26,0.011,3.26,0.
3.2700000000,0.011,3.2700000000,0.
3.2800000000,0.011,3.2800000000,0.
3.29,0.011,3.29,0.
3.3,0.011,3.3,-0.002
3.3100000000,0.012,3.3100000000,0.
3.32,0.012,3.32,0.
3.33,0.012,3.33,0.
3.3400000000,0.012,3.3400000000,0.
3.35,0.011,3.35,0.
3.36,0.011,3.36,-0.002
3.3700000000,0.011,3.3700000000,0.
3.38,0.011,3.38,0.
3.39,0.011,3.39,0.
3.4000000000,0.012,3.4000000000,0.
3.41,0.012,3.41,0.
3.42,0.011,3.42,0.
3.4300000000,0.011,3.4300000000,0.
3.44,0.011,3.44,0.
3.45,0.011,3.45,0.
3.4600000000,0.011,3.4600000000,0.
3.47,0.012,3.47,0.
3.48,0.011,3.48,0.
3.4900000000,0.012,3.4900000000,0.
3.5,0.011,3.5,0.
3.51,0.011,3.51,-0.002
3.5200000000,0.011,3.5200000000,-0.002
3.5300000000,0.011,3.5300000000,-0.002
3.54,0.011,3.54,-0.002
3.55,0.011,3.55,-0.002
3.5600000000,0.012,3.5600000000,-0.002
3.57,0.011,3.57,-0.002
3.58,0.012,3.58,-0.002
3.5900000000,0.012,3.5900000000,-0.002
3.6,0.012,3.6,0.
3.61,0.012,3.61,0.
3.6200000000,0.011,3.6200000000,-0.002
3.63,0.011,3.63,-0.002
3.64,0.012,3.64,-0.002
3.6500000000,0.012,3.6500000000,-0.002
3.66,0.012,3.66,-0.002
3.67,0.012,3.67,-0.002
3.6800000000,0.012,3.6800000000,-0.002
3.69,0.012,3.69,-0.002
3.7,0.012,3.7,0.
3.7100000000,0.012,3.7100000000,0.
3.72,0.011,3.72,0.
3.73,0.011,3.73,-0.002
3.7400000000,0.011,3.7400000000,-0.002
3.75,0.012,3.75,-0.002
3.76,0.012,3.76,-0.002
3.7700000000,0.012,3.7700000000,-0.002
3.7800000000,0.012,3.7800000000,-0.002
3.79,0.012,3.79,-0.002
3.8,0.012,3.8,-0.002
3.8100000000,0.011,3.8100000000,-0.002
3.82,0.011,3.82,-0.002
3.83,0.011,3.83,-0.002
3.8400000000,0.011,3.8400000000,-0.002
3.85,0.012,3.85,-0.002
3.86,0.012,3.86,-0.002
3.8700000000,0.012,3.8700000000,-0.002
3.88,0.011,3.88,-0.002
3.89,0.011,3.89,-0.002
3.9000000000,0.011,3.9000000000,-0.002
3.91,0.011,3.91,-0.002
3.92,0.011,3.92,-0.002
3.9300000000,0.012,3.9300000000,-0.002
3.94,0.012,3.94,-0.002
3.95,0.012,3.95,-0.002
3.9600000000,0.012,3.9600000000,-0.002
3.97,0.011,3.97,-0.002
3.98,0.011,3.98,-0.002
3.9900000000,0.011,3.9900000000,-0.002
4.,0.012,4.,-0.002
4.01,0.012,4.01,-0.002
4.0200000000,0.012,4.0200000000,-0.002
4.0300000000,0.012,4.0300000000,-0.002
4.04,0.012,4.04,-0.002
4.05,0.011,4.05,0.
4.0600000000,0.011,4.0600000000,-0.002
4.07,0.011,4.07,-0.002
4.08,0.011,4.08,-0.002
4.0900000000,0.012,4.0900000000,-0.002
4.1,0.012,4.1,-0.002
4.11,0.012,4.11,-0.002
4.1200000000,0.012,4.1200000000,-0.002
4.13,0.011,4.13,-0.002
4.14,0.011,4.14,-0.002
4.1500000000,0.011,4.1500000000,-0.002
4.16,0.012,4.16,-0.002
4.17,0.012,4.17,-0.002
4.1800000000,0.012,4.1800000000,-0.002
4.19,0.012,4.19,-0.002
4.2,0.012,4.2,-0.002
4.2100000000,0.012,4.2100000000,0.
4.22,0.011,4.22,-0.002
4.23,0.011,4.23,-0.002
4.2400000000,0.011,4.2400000000,-0.002
4.25,0.011,4.25,-0.002
4.26,0.011,4.26,-0.002
4.2700000000,0.011,4.2700000000,-0.002
4.2800000000,0.011,4.2800000000,-0.002
4.29,0.012,4.29,-0.002
4.3,0.012,4.3,-0.002
4.3100000000,0.011,4.3100000000,-0.002
4.32,0.011,4.32,-0.002
4.33,0.011,4.33,-0.002
4.3400000000,0.011,4.3400000000,-0.002
4.35,0.012,4.35,-0.002
4.36,0.012,4.36,-0.002
4.3700000000,0.012,4.3700000000,-0.002
4.38,0.012,4.38,-0.002
4.39,0.011,4.39,-0.002
4.4000000000,0.011,4.4000000000,-0.002
4.41,0.011,4.41,-0.002
4.42,0.012,4.42,-0.002
4.4300000000,0.012,4.4300000000,-0.002
4.44,0.012,4.44,-0.002
4.45,0.012,4.45,-0.002
4.4600000000,0.012,4.4600000000,0.
4.47,0.011,4.47,0.
4.48,0.011,4.48,-0.002
4.4900000000,0.011,4.4900000000,-0.002
4.5,0.011,4.5,-0.002
4.51,0.012,4.51,-0.002
4.5200000000,0.012,4.5200000000,-0.002
4.5300000000,0.012,4.5300000000,-0.002
4.54,0.012,4.54,0.
4.55,0.011,4.55,-0.002
4.5600000000,0.011,4.5600000000,0.
4.57,0.011,4.57,-0.002
4.58,0.011,4.58,0.
4.5900000000,0.012,4.5900000000,-0.002
4.6,0.011,4.6,-0.002
4.61,0.012,4.61,-0.002
4.6200000000,0.011,4.6200000000,-0.002
4.63,0.012,4.63,-0.002
4.64,0.012,4.64,-0.002
4.6500000000,0.012,4.6500000000,-0.002
4.66,0.012,4.66,-0.002
4.67,0.012,4.67,-0.002
4.6800000000,0.012,4.6800000000,-0.002
4.69,0.011,4.69,-0.002
4.7,0.011,4.7,-0.002
4.7100000000,0.011,4.7100000000,-0.002
4.72,0.011,4.72,-0.002
4.73,0.011,4.73,-0.002
4.7400000000,0.011,4.7400000000,-0.002
4.75,0.011,4.75,-0.002
4.76,0.011,4.76,0.
4.7700000000,0.011,4.7700000000,-0.002
4.7800000000,0.012,4.7800000000,-0.002
4.79,0.011,4.79,-0.002
4.8,0.011,4.8,-0.002
4.8100000000,0.011,4.8100000000,-0.002
4.82,0.011,4.82,0.
4.83,0.011,4.83,-0.002
4.8400000000,0.012,4.8400000000,-0.002
4.85,0.011,4.85,0.
4.86,0.011,4.86,-0.002
4.8700000000,0.011,4.8700000000,-0.002
4.88,0.011,4.88,-0.002
4.89,0.011,4.89,-0.002
4.9000000000,0.011,4.9000000000,-0.002
4.91,0.012,4.91,-0.002
4.92,0.011,4.92,-0.002
4.9300000000,0.011,4.9300000000,-0.002
4.94,0.011,4.94,-0.002
4.95,0.011,4.95,-0.002
4.9600000000,0.011,4.9600000000,-0.002
4.97,0.012,4.97,-0.002
4.98,0.011,4.98,-0.002
4.9900000000,0.012,4.9900000000,-0.002
5.,0.011,5.,-0.002
5.01,0.011,5.01,-0.002
5.0200000000,0.011,5.0200000000,0.
5.0300000000,0.011,5.0300000000,0.
5.04,0.012,5.04,0.
5.05,0.011,5.05,0.
5.0600000000,0.011,5.0600000000,0.
5.07,0.011,5.07,0.
5.08,0.011,5.08,-0.002
5.0900000000,0.011,5.0900000000,0.
5.1,0.012,5.1,-0.002
5.11,0.012,5.11,0.
5.1200000000,0.012,5.1200000000,-0.002
5.13,0.011,5.13,0.
5.14,0.011,5.14,0.
5.1500000000,0.012,5.1500000000,-0.002
5.16,0.011,5.16,0.
5.17,0.011,5.17,-0.002
5.1800000000,0.011,5.1800000000,-0.002
5.19,0.011,5.19,0.
5.2,0.012,5.2,0.
5.2100000000,0.012,5.2100000000,0.
5.22,0.012,5.22,0.
5.23,0.012,5.23,0.
5.2400000000,0.011,5.2400000000,0.
5.25,0.011,5.25,0.
5.26,0.011,5.26,0.
5.2700000000,0.011,5.2700000000,-0.002
5.2800000000,0.011,5.2800000000,-0.002
5.29,0.012,5.29,0.
5.3,0.012,5.3,0.
5.3100000000,0.012,5.3100000000,0.
5.32,0.011,5.32,0.
5.33,0.011,5.33,0.
5.3400000000,0.011,5.3400000000,0.
5.35,0.011,5.35,0.
5.36,0.011,5.36,0.
5.3700000000,0.012,5.3700000000,0.
5.38,0.012,5.38,0.
5.39,0.011,5.39,0.
5.4000000000,0.012,5.4000000000,0.
5.41,0.011,5.41,0.
5.42,0.012,5.42,0.
5.4300000000,0.012,5.4300000000,0.
5.44,0.012,5.44,0.
5.45,0.011,5.45,0.
5.4600000000,0.011,5.4600000000,0.
5.47,0.011,5.47,0.
5.48,0.012,5.48,0.
5.4900000000,0.011,5.4900000000,0.
5.5,0.011,5.5,0.
5.51,0.011,5.51,0.
5.5200000000,0.011,5.5200000000,0.
5.5300000000,0.012,5.5300000000,0.
5.54,0.012,5.54,0.
5.55,0.012,5.55,0.
5.5600000000,0.012,5.5600000000,0.
5.57,0.011,5.57,0.
5.58,0.011,5.58,0.
5.5900000000,0.011,5.5900000000,0.
5.6,0.011,5.6,0.
5.61,0.012,5.61,0.
5.6200000000,0.012,5.6200000000,0.
5.63,0.012,5.63,0.
5.64,0.012,5.64,0.
5.6500000000,0.011,5.6500000000,0.
5.66,0.011,5.66,0.
5.67,0.011,5.67,0.
5.6800000000,0.011,5.6800000000,0.
5.69,0.012,5.69,0.
5.7,0.012,5.7,0.
5.7100000000,0.012,5.7100000000,0.
5.72,0.012,5.72,0.
5.73,0.012,5.73,0.
5.7400000000,0.011,5.7400000000,0.
5.75,0.011,5.75,0.
5.76,0.011,5.76,0.
5.7700000000,0.012,5.7700000000,0.
5.7800000000,0.012,5.7800000000,0.
5.79,0.012,5.79,0.
5.8,0.012,5.8,0.
5.8100000000,0.012,5.8100000000,0.
5.82,0.011,5.82,0.
5.83,0.011,5.83,0.
5.8400000000,0.011,5.8400000000,0.
5.85,0.012,5.85,0.
5.86,0.012,5.86,0.
5.8700000000,0.012,5.8700000000,0.
5.88,0.012,5.88,0.
5.89,0.012,5.89,0.
5.9000000000,0.011,5.9000000000,0.
5.91,0.011,5.91,0.
5.92,0.011,5.92,0.
5.9300000000,0.012,5.9300000000,0.
5.94,0.012,5.94,0.
5.95,0.012,5.95,0.
5.9600000000,0.011,5.9600000000,0.
5.97,0.012,5.97,0.
5.98,0.011,5.98,0.
5.9900000000,0.011,5.9900000000,0.
6.,0.011,6.,0.
6.01,0.012,6.01,0.
6.0200000000,0.012,6.0200000000,0.
6.0300000000,0.012,6.0300000000,0.
6.04,0.012,6.04,0.
6.05,0.012,6.05,0.
6.0600000000,0.011,6.0600000000,0.
6.07,0.011,6.07,0.
6.08,0.011,6.08,0.
6.0900000000,0.012,6.0900000000,0.
6.1,0.012,6.1,0.
6.11,0.012,6.11,0.
6.1200000000,0.012,6.1200000000,0.
6.13,0.011,6.13,0.
6.14,0.011,6.14,0.
6.1500000000,0.011,6.1500000000,0.
6.16,0.011,6.16,0.
6.17,0.012,6.17,0.
6.1800000000,0.012,6.1800000000,0.
6.19,0.012,6.19,0.
6.2,0.011,6.2,0.
6.2100000000,0.011,6.2100000000,0.
6.22,0.011,6.22,0.
6.23,0.012,6.23,0.
6.2400000000,0.012,6.2400000000,0.
6.25,0.011,6.25,0.
6.26,0.011,6.26,0.
6.2700000000,0.011,6.2700000000,0.
6.2800000000,0.011,6.2800000000,0.
6.29,0.011,6.29,0.
6.3,0.011,6.3,0.
6.3100000000,0.011,6.3100000000,0.
6.32,0.011,6.32,0.
6.33,0.011,6.33,0.
6.3400000000,0.011,6.3400000000,0.
6.35,0.011,6.35,0.
6.36,0.011,6.36,0.
6.3700000000,0.011,6.3700000000,0.
6.38,0.011,6.38,0.
6.39,0.011,6.39,0.
6.4000000000,0.011,6.4000000000,0.
6.41,0.011,6.41,0.
6.42,0.011,6.42,0.
6.4300000000,0.011,6.4300000000,0.
6.44,0.012,6.44,0.
6.45,0.011,6.45,0.
6.4600000000,0.011,6.4600000000,0.
6.47,0.011,6.47,0.
6.48,0.011,6.48,0.
6.4900000000,0.011,6.4900000000,0.
6.5,0.011,6.5,0.
6.51,0.011,6.51,0.
6.5200000000,0.012,6.5200000000,0.
6.5300000000,0.012,6.5300000000,0.
6.54,0.011,6.54,0.
6.55,0.011,6.55,0.
6.5600000000,0.011,6.5600000000,0.
6.57,0.011,6.57,0.
6.58,0.011,6.58,0.
6.5900000000,0.011,6.5900000000,0.
6.6,0.012,6.6,0.
6.61,0.012,6.61,0.
6.6200000000,0.011,6.6200000000,0.
6.63,0.011,6.63,0.
6.64,0.011,6.64,0.
6.6500000000,0.011,6.6500000000,0.
6.66,0.012,6.66,0.
6.67,0.012,6.67,0.
6.6800000000,0.012,6.6800000000,0.
6.69,0.011,6.69,0.
6.7,0.011,6.7,0.
6.7100000000,0.011,6.7100000000,0.
6.72,0.011,6.72,0.
6.73,0.012,6.73,0.
6.7400000000,0.012,6.7400000000,0.
6.75,0.012,6.75,0.
6.76,0.011,6.76,0.
6.7700000000,0.011,6.7700000000,0.
6.7800000000,0.011,6.7800000000,0.
6.79,0.011,6.79,0.
6.8,0.012,6.8,0.
6.8100000000,0.012,6.8100000000,0.
6.82,0.012,6.82,0.
6.83,0.011,6.83,0.
6.8400000000,0.011,6.8400000000,0.
6.85,0.011,6.85,0.
6.86,0.011,6.86,0.
6.8700000000,0.011,6.8700000000,0.
6.88,0.012,6.88,0.
6.89,0.012,6.89,0.
6.9000000000,0.012,6.9000000000,0.
6.91,0.011,6.91,0.
6.92,0.011,6.92,0.
6.9300000000,0.011,6.9300000000,0.
6.94,0.011,6.94,0.
6.95,0.011,6.95,0.
6.9600000000,0.012,6.9600000000,0.
6.97,0.012,6.97,0.
6.98,0.012,6.98,0.
6.9900000000,0.012,6.9900000000,0.
7.,0.011,7.,0.
7.01,0.011,7.01,0.
7.0200000000,0.011,7.0200000000,0.
7.0300000000,0.011,7.0300000000,0.
7.04,0.012,7.04,0.
7.05,0.012,7.05,0.
7.0600000000,0.012,7.0600000000,0.
7.07,0.011,7.07,0.
7.08,0.011,7.08,0.
7.0900000000,0.011,7.0900000000,0.
7.1,0.011,7.1,0.
7.11,0.011,7.11,0.
7.1200000000,0.011,7.1200000000,-0.002
7.13,0.012,7.13,0.
7.14,0.011,7.14,0.
7.1500000000,0.011,7.1500000000,0.
7.16,0.011,7.16,0.
7.17,0.011,7.17,0.
7.1800000000,0.012,7.1800000000,0.
7.19,0.012,7.19,0.
7.2,0.012,7.2,0.
7.2100000000,0.011,7.2100000000,0.
7.22,0.011,7.22,0.
7.23,0.011,7.23,0.
7.2400000000,0.011,7.2400000000,0.
7.25,0.011,7.25,0.
7.26,0.011,7.26,0.
7.2700000000,0.012,7.2700000000,0.
7.2800000000,0.012,7.2800000000,0.
7.29,0.011,7.29,0.
7.3,0.011,7.3,0.
7.3100000000,0.011,7.3100000000,0.
7.32,0.011,7.32,0.
7.33,0.011,7.33,-0.002
7.3400000000,0.011,7.3400000000,0.
7.35,0.011,7.35,0.
7.36,0.012,7.36,0.
7.3700000000,0.012,7.3700000000,0.
7.38,0.012,7.38,0.
7.39,0.011,7.39,0.
7.4000000000,0.011,7.4000000000,0.
7.41,0.011,7.41,0.
7.42,0.011,7.42,-0.002
7.4300000000,0.012,7.4300000000,0.
7.44,0.012,7.44,0.
7.45,0.012,7.45,0.
7.4600000000,0.011,7.4600000000,0.
7.47,0.011,7.47,-0.002
7.48,0.011,7.48,0.
7.4900000000,0.011,7.4900000000,0.
7.5,0.011,7.5,0.
7.51,0.011,7.51,0.
7.5200000000,0.012,7.5200000000,0.
7.5300000000,0.011,7.5300000000,0.
7.54,0.011,7.54,0.
7.55,0.011,7.55,0.
7.5600000000,0.011,7.5600000000,0.
7.57,0.011,7.57,0.
7.58,0.012,7.58,0.
7.5900000000,0.012,7.5900000000,0.
7.6,0.012,7.6,0.
7.61,0.012,7.61,0.
7.6200000000,0.011,7.6200000000,-0.002
7.63,0.011,7.63,0.
7.64,0.011,7.64,-0.002
7.6500000000,0.012,7.6500000000,0.
7.66,0.012,7.66,0.
7.67,0.012,7.67,0.
7.6800000000,0.011,7.6800000000,0.
7.69,0.011,7.69,0.
7.7,0.011,7.7,0.
7.7100000000,0.011,7.7100000000,0.
7.72,0.011,7.72,0.
7.73,0.012,7.73,0.
7.7400000000,0.011,7.7400000000,0.
7.75,0.012,7.75,0.
7.76,0.011,7.76,0.
7.7700000000,0.011,7.7700000000,0.
7.7800000000,0.011,7.7800000000,0.
7.79,0.011,7.79,0.
7.8,0.011,7.8,0.
7.8100000000,0.011,7.8100000000,0.
7.82,0.011,7.82,0.
7.83,0.012,7.83,0.
7.8400000000,0.012,7.8400000000,-0.002
7.85,0.011,7.85,-0.002
7.86,0.011,7.86,-0.002
7.8700000000,0.011,7.8700000000,-0.002
7.88,0.011,7.88,-0.002
7.89,0.011,7.89,-0.002
7.9000000000,0.012,7.9000000000,-0.002
7.91,0.012,7.91,-0.002
7.92,0.012,7.92,-0.002
7.9300000000,0.012,7.9300000000,-0.002
7.94,0.012,7.94,-0.002
7.95,0.011,7.95,-0.002
7.9600000000,0.011,7.9600000000,-0.002
7.97,0.011,7.97,-0.002
7.98,0.011,7.98,-0.002
7.9900000000,0.012,7.9900000000,-0.002
8.,0.012,8.,-0.002
8.01,0.012,8.01,-0.002
8.0200000000,0.012,8.0200000000,0.
8.0300000000,0.011,8.0300000000,-0.002
8.04,0.011,8.04,-0.002
8.05,0.011,8.05,-0.002
8.0600000000,0.012,8.0600000000,-0.002
8.07,0.012,8.07,-0.002
8.08,0.012,8.08,-0.002
8.0900000000,0.012,8.0900000000,-0.002
8.1,0.012,8.1,-0.002
8.11,0.011,8.11,-0.002
8.1200000000,0.011,8.1200000000,-0.002
8.13,0.011,8.13,-0.002
8.14,0.012,8.14,-0.002
8.1500000000,0.012,8.1500000000,-0.002
8.16,0.012,8.16,-0.002
8.17,0.012,8.17,-0.002
8.1800000000,0.011,8.1800000000,-0.002
8.19,0.012,8.19,-0.002
8.2,0.011,8.2,-0.002
8.2100000000,0.011,8.2100000000,-0.002
8.22,0.011,8.22,-0.002
8.23,0.011,8.23,-0.002
8.2400000000,0.012,8.2400000000,-0.002
8.25,0.012,8.25,-0.002
8.26,0.012,8.26,-0.002
8.2700000000,0.012,8.2700000000,-0.002
8.2800000000,0.011,8.2800000000,-0.002
8.29,0.011,8.29,-0.002
8.3,0.011,8.3,-0.002
8.3100000000,0.012,8.3100000000,-0.002
8.32,0.012,8.32,-0.002
8.33,0.012,8.33,-0.002
8.3400000000,0.012,8.3400000000,-0.002
8.35,0.012,8.35,-0.002
8.36,0.011,8.36,-0.002
8.3700000000,0.012,8.3700000000,-0.002
8.38,0.011,8.38,-0.002
8.39,0.011,8.39,-0.002
8.4000000000,0.012,8.4000000000,-0.002
8.41,0.012,8.41,-0.002
8.42,0.012,8.42,-0.002
8.4300000000,0.012,8.4300000000,-0.002
8.44,0.012,8.44,-0.002
8.45,0.012,8.45,-0.002
8.4600000000,0.011,8.4600000000,-0.002
8.47,0.011,8.47,-0.002
8.48,0.011,8.48,-0.002
8.4900000000,0.011,8.4900000000,-0.002
8.5,0.011,8.5,-0.002
8.51,0.012,8.51,-0.002
8.5200000000,0.012,8.5200000000,-0.002
8.5300000000,0.012,8.5300000000,-0.002
8.54,0.011,8.54,-0.002
8.55,0.011,8.55,-0.002
8.5600000000,0.011,8.5600000000,-0.002
8.57,0.011,8.57,-0.002
8.58,0.011,8.58,-0.002
8.5900000000,0.011,8.5900000000,-0.002
8.6,0.012,8.6,-0.002
8.61,0.012,8.61,-0.002
8.6200000000,0.011,8.6200000000,-0.002
8.63,0.011,8.63,-0.002
8.64,0.011,8.64,-0.002
8.6500000000,0.012,8.6500000000,-0.002
8.66,0.012,8.66,-0.002
8.67,0.012,8.67,-0.002
8.6800000000,0.012,8.6800000000,-0.002
8.69,0.011,8.69,-0.002
8.7,0.011,8.7,-0.002
8.7100000000,0.011,8.7100000000,-0.002
8.72,0.012,8.72,-0.002
8.73,0.011,8.73,-0.002
8.7400000000,0.012,8.7400000000,-0.002
8.75,0.012,8.75,-0.002
8.76,0.011,8.76,-0.002
8.7700000000,0.011,8.7700000000,-0.002
8.7800000000,0.011,8.7800000000,-0.002
8.79,0.011,8.79,-0.002
8.8,0.012,8.8,-0.002
8.8100000000,0.012,8.8100000000,-0.002
8.82,0.011,8.82,-0.002
8.83,0.011,8.83,0.
8.8400000000,0.011,8.8400000000,-0.002
8.85,0.011,8.85,-0.002
8.86,0.011,8.86,-0.002
8.8700000000,0.011,8.8700000000,-0.002
8.88,0.011,8.88,-0.002
8.89,0.011,8.89,-0.002
8.9000000000,0.011,8.9000000000,-0.002
8.91,0.011,8.91,-0.002
8.92,0.012,8.92,-0.002
8.9300000000,0.011,8.9300000000,-0.002
8.94,0.011,8.94,-0.002
8.95,0.011,8.95,-0.002
8.9600000000,0.012,8.9600000000,-0.002
8.97,0.012,8.97,-0.002
8.98,0.012,8.98,-0.002
8.9900000000,0.012,8.9900000000,-0.002
9.,0.012,9.,0.
9.01,0.012,9.01,0.
9.0200000000,0.011,9.0200000000,0.
9.0300000000,0.011,9.0300000000,0.
9.04,0.011,9.04,-0.002
9.05,0.012,9.05,-0.002
9.0600000000,0.012,9.0600000000,-0.002
9.07,0.012,9.07,0.
9.08,0.012,9.08,0.
9.0900000000,0.011,9.0900000000,-0.002
9.1,0.011,9.1,-0.002
9.11,0.011,9.11,-0.002
9.1200000000,0.011,9.1200000000,-0.002
9.13,0.011,9.13,-0.002
9.14,0.012,9.14,0.
9.1500000000,0.012,9.1500000000,-0.002
9.16,0.012,9.16,-0.002
9.17,0.011,9.17,-0.002
9.1800000000,0.011,9.1800000000,-0.002
9.19,0.011,9.19,-0.002
9.2,0.011,9.2,-0.002
9.2100000000,0.011,9.2100000000,-0.002
9.22,0.012,9.22,0.
9.23,0.012,9.23,0.
9.2400000000,0.012,9.2400000000,-0.002
9.25,0.012,9.25,-0.002
9.26,0.011,9.26,-0.002
9.2700000000,0.011,9.2700000000,0.
9.2800000000,0.011,9.2800000000,0.
9.29,0.011,9.29,0.
9.3,0.011,9.3,0.
9.3100000000,0.012,9.3100000000,0.
9.32,0.012,9.32,-0.002
9.33,0.012,9.33,0.
9.3400000000,0.011,9.3400000000,0.
9.35,0.011,9.35,0.
9.36,0.011,9.36,0.
9.3700000000,0.011,9.3700000000,0.
9.38,0.012,9.38,0.
9.39,0.012,9.39,0.
9.4000000000,0.012,9.4000000000,0.
9.41,0.011,9.41,0.
9.42,0.011,9.42,0.
9.4300000000,0.011,9.4300000000,0.
9.44,0.011,9.44,0.
9.45,0.011,9.45,0.
9.4600000000,0.012,9.4600000000,0.
9.47,0.011,9.47,0.
9.48,0.012,9.48,0.
9.4900000000,0.011,9.4900000000,0.
9.5,0.011,9.5,0.
9.51,0.011,9.51,0.
9.5200000000,0.011,9.5200000000,0.
9.5300000000,0.011,9.5300000000,0.
9.54,0.011,9.54,-0.002
9.55,0.012,9.55,0.
9.5600000000,0.012,9.5600000000,0.
9.57,0.012,9.57,0.
9.58,0.011,9.58,0.
9.5900000000,0.011,9.5900000000,0.
9.6,0.011,9.6,0.003
9.61,0.012,9.61,0.005
9.6200000000,0.012,9.6200000000,0.006
9.63,0.012,9.63,0.009
9.64,0.012,9.64,0.012
9.6500000000,0.012,9.6500000000,0.014
9.66,0.012,9.66,0.018
9.67,0.012,9.67,0.023
9.6800000000,0.011,9.6800000000,0.032
9.69,0.011,9.69,0.037
9.7,0.011,9.7,0.041
9.7100000000,0.011,9.7100000000,0.046
9.72,0.011,9.72,0.052
9.73,0.012,9.73,0.057
9.7400000000,0.012,9.7400000000,0.063
9.75,0.012,9.75,0.069
9.76,0.011,9.76,0.084
9.7700000000,0.011,9.7700000000,0.091
9.7800000000,0.011,9.7800000000,0.097
9.79,0.011,9.79,0.103
9.8,0.011,9.8,0.109
9.8100000000,0.012,9.8100000000,0.115
9.82,0.011,9.82,0.121
9.83,0.012,9.83,0.129
9.8400000000,0.011,9.8400000000,0.144
9.85,0.012,9.85,0.15
9.86,0.012,9.86,0.156
9.8700000000,0.012,9.8700000000,0.163
9.88,0.012,9.88,0.169
9.89,0.011,9.89,0.175
9.9000000000,0.011,9.9000000000,0.181
9.91,0.011,9.91,0.189
9.92,0.011,9.92,0.204
9.9300000000,0.012,9.9300000000,0.21
9.94,0.012,9.94,0.216
9.95,0.012,9.95,0.222
9.9600000000,0.012,9.9600000000,0.227
9.97,0.011,9.97,0.233
9.98,0.011,9.98,0.239
9.9900000000,0.011,9.9900000000,0.247
10.,0.012,10.,0.261
10.01,0.012,10.01,0.265
10.0200000000,0.012,10.0200000000,0.272
10.0300000000,0.012,10.0300000000,0.278
10.04,0.011,10.04,0.284
10.05,0.012,10.05,0.288
10.0600000000,0.011,10.0600000000,0.295
10.07,0.011,10.07,0.299
10.08,0.012,10.08,0.311
10.0900000000,0.012,10.0900000000,0.318
10.1,0.012,10.1,0.322
10.11,0.012,10.11,0.327
10.1200000000,0.012,10.1200000000,0.331
10.13,0.012,10.13,0.336
10.14,0.011,10.14,0.341
10.1500000000,0.011,10.1500000000,0.347
10.16,0.012,10.16,0.357
10.17,0.012,10.17,0.36
10.1800000000,0.012,10.1800000000,0.365
10.19,0.012,10.19,0.368
10.2,0.012,10.2,0.373
10.2100000000,0.012,10.2100000000,0.377
10.22,0.012,10.22,0.382
10.23,0.011,10.23,0.385
10.2400000000,0.011,10.2400000000,0.393
10.25,0.012,10.25,0.397
10.26,0.011,10.26,0.4
10.2700000000,0.012,10.2700000000,0.403
10.2800000000,0.012,10.2800000000,0.407
10.29,0.012,10.29,0.41
10.3,0.011,10.3,0.413
10.3100000000,0.011,10.3100000000,0.416
10.32,0.011,10.32,0.422
10.33,0.012,10.33,0.425
10.3400000000,0.012,10.3400000000,0.426
10.35,0.012,10.35,0.43
10.36,0.012,10.36,0.431
10.3700000000,0.012,10.3700000000,0.434
10.38,0.012,10.38,0.436
10.39,0.011,10.39,0.439
10.4000000000,0.011,10.4000000000,0.443
10.41,0.011,10.41,0.445
10.42,0.011,10.42,0.448
10.4300000000,0.011,10.4300000000,0.449
10.44,0.012,10.44,0.451
10.45,0.012,10.45,0.453
10.4600000000,0.011,10.4600000000,0.454
10.47,0.011,10.47,0.457
10.48,0.011,10.48,0.46
10.4900000000,0.011,10.4900000000,0.462
10.5,0.012,10.5,0.463
10.51,0.012,10.51,0.465
10.5200000000,0.012,10.5200000000,0.466
10.5300000000,0.012,10.5300000000,0.466
10.54,0.012,10.54,0.468
10.55,0.011,10.55,0.469
10.5600000000,0.011,10.5600000000,0.472
10.57,0.011,10.57,0.474
10.58,0.011,10.58,0.474
10.5900000000,0.011,10.5900000000,0.476
10.6,0.011,10.6,0.477
10.61,0.011,10.61,0.479
10.6200000000,0.011,10.6200000000,0.479
10.63,0.011,10.63,0.479
10.64,0.011,10.64,0.482
10.6500000000,0.011,10.6500000000,0.482
10.66,0.011,10.66,0.483
10.67,0.011,10.67,0.483
10.6800000000,0.011,10.6800000000,0.485
10.69,0.011,10.69,0.486
10.7,0.011,10.7,0.486
10.7100000000,0.011,10.7100000000,0.488
10.72,0.011,10.72,0.489
10.73,0.011,10.73,0.489
10.7400000000,0.011,10.7400000000,0.491
10.75,0.011,10.75,0.492
10.76,0.011,10.76,0.492
10.7700000000,0.011,10.7700000000,0.492
10.7800000000,0.011,10.7800000000,0.494
10.79,0.011,10.79,0.494
10.8,0.011,10.8,0.495
10.8100000000,0.011,10.8100000000,0.495
10.82,0.011,10.82,0.497
10.83,0.011,10.83,0.497
10.8400000000,0.011,10.8400000000,0.497
10.85,0.011,10.85,0.499
10.86,0.011,10.86,0.499
10.8700000000,0.011,10.8700000000,0.499
10.88,0.011,10.88,0.5
10.89,0.011,10.89,0.5
10.9000000000,0.011,10.9000000000,0.5
10.91,0.011,10.91,0.502
10.92,0.011,10.92,0.502
10.9300000000,0.011,10.9300000000,0.502
10.94,0.011,10.94,0.502
10.95,0.011,10.95,0.503
10.9600000000,0.011,10.9600000000,0.503
10.97,0.011,10.97,0.503
10.98,0.011,10.98,0.503
10.9900000000,0.011,10.9900000000,0.503
11.,0.011,11.,0.503
11.01,0.011,11.01,0.503
11.0200000000,0.011,11.0200000000,0.505
11.0300000000,0.011,11.0300000000,0.505
11.04,0.011,11.04,0.505
11.05,0.011,11.05,0.505
11.0600000000,0.011,11.0600000000,0.505
11.07,0.011,11.07,0.505
11.08,0.011,11.08,0.505
11.0900000000,0.011,11.0900000000,0.505
11.1,0.011,11.1,0.505
11.11,0.011,11.11,0.505
11.1200000000,0.011,11.1200000000,0.505
11.13,0.011,11.13,0.505
11.14,0.011,11.14,0.505
11.1500000000,0.011,11.1500000000,0.505
11.16,0.011,11.16,0.505
11.17,0.011,11.17,0.505
11.1800000000,0.011,11.1800000000,0.506
11.19,0.011,11.19,0.505
11.2,0.011,11.2,0.505
11.2100000000,0.011,11.2100000000,0.505
11.22,0.011,11.22,0.505
11.23,0.011,11.23,0.505
11.2400000000,0.011,11.2400000000,0.505
11.25,0.011,11.25,0.505
11.26,0.011,11.26,0.505
11.2700000000,0.011,11.2700000000,0.505
11.2800000000,0.011,11.2800000000,0.505
11.29,0.011,11.29,0.505
11.3,0.011,11.3,0.505
11.3100000000,0.011,11.3100000000,0.505
11.32,0.011,11.32,0.505
11.33,0.011,11.33,0.506
11.3400000000,0.011,11.3400000000,0.505
11.35,0.011,11.35,0.505
11.36,0.011,11.36,0.505
11.3700000000,0.011,11.3700000000,0.506
11.38,0.011,11.38,0.505
11.39,0.011,11.39,0.505
11.4000000000,0.011,11.4000000000,0.505
11.41,0.011,11.41,0.505
11.42,0.011,11.42,0.505
11.4300000000,0.011,11.4300000000,0.505
11.44,0.011,11.44,0.505
11.45,0.011,11.45,0.505
11.4600000000,0.011,11.4600000000,0.506
11.47,0.011,11.47,0.506
11.48,0.011,11.48,0.505
11.4900000000,0.011,11.4900000000,0.506
11.5,0.011,11.5,0.506
11.51,0.011,11.51,0.506
11.5200000000,0.011,11.5200000000,0.506
11.5300000000,0.011,11.5300000000,0.506
11.54,0.011,11.54,0.506
11.55,0.011,11.55,0.506
11.5600000000,0.011,11.5600000000,0.506
11.57,0.011,11.57,0.506
11.58,0.011,11.58,0.506
11.5900000000,0.011,11.5900000000,0.506
11.6,0.011,11.6,0.506
11.61,0.011,11.61,0.506
11.6200000000,0.011,11.6200000000,0.506
11.63,0.011,11.63,0.506
11.64,0.011,11.64,0.508
11.6500000000,0.011,11.6500000000,0.506
11.66,0.011,11.66,0.506
11.67,0.011,11.67,0.508
11.6800000000,0.011,11.6800000000,0.506
11.69,0.011,11.69,0.506
11.7,0.011,11.7,0.506
11.7100000000,0.011,11.7100000000,0.506
11.72,0.011,11.72,0.506
11.73,0.011,11.73,0.506
11.7400000000,0.011,11.7400000000,0.506
11.75,0.011,11.75,0.506
11.76,0.011,11.76,0.506
11.7700000000,0.011,11.7700000000,0.506
11.7800000000,0.011,11.7800000000,0.506
11.79,0.011,11.79,0.506
11.8,0.011,11.8,0.506
11.8100000000,0.011,11.8100000000,0.506
11.82,0.011,11.82,0.508
11.83,0.011,11.83,0.506
11.8400000000,0.011,11.8400000000,0.506
11.85,0.011,11.85,0.506
11.86,0.011,11.86,0.506
11.8700000000,0.011,11.8700000000,0.508
11.88,0.011,11.88,0.506
11.89,0.011,11.89,0.506
11.9000000000,0.011,11.9000000000,0.506
11.91,0.011,11.91,0.506
11.92,0.011,11.92,0.506
11.9300000000,0.011,11.9300000000,0.506
11.94,0.011,11.94,0.506
11.95,0.011,11.95,0.506
11.9600000000,0.011,11.9600000000,0.506
11.97,0.011,11.97,0.506
11.98,0.011,11.98,0.506
11.9900000000,0.011,11.9900000000,0.506
12.,0.011,12.,0.508
12.01,0.011,12.01,0.506
12.0200000000,0.011,12.0200000000,0.506
12.0300000000,0.011,12.0300000000,0.508
12.04,0.011,12.04,0.506
12.05,0.011,12.05,0.508
12.0600000000,0.011,12.0600000000,0.508
12.07,0.011,12.07,0.508
12.08,0.011,12.08,0.508
12.0900000000,0.011,12.0900000000,0.506
12.1,0.011,12.1,0.506
12.11,0.011,12.11,0.506
12.1200000000,0.011,12.1200000000,0.508
12.13,0.011,12.13,0.508
12.14,0.011,12.14,0.506
12.1500000000,0.011,12.1500000000,0.508
12.16,0.011,12.16,0.508
12.17,0.011,12.17,0.508
12.1800000000,0.011,12.1800000000,0.508
12.19,0.011,12.19,0.508
12.2,0.011,12.2,0.508
12.2100000000,0.011,12.2100000000,0.508
12.22,0.011,12.22,0.508
12.23,0.011,12.23,0.508
12.2400000000,0.011,12.2400000000,0.508
12.25,0.011,12.25,0.508
12.26,0.011,12.26,0.508
12.2700000000,0.011,12.2700000000,0.508
12.2800000000,0.011,12.2800000000,0.508
12.29,0.011,12.29,0.508
12.3,0.011,12.3,0.508
12.3100000000,0.011,12.3100000000,0.508
12.32,0.011,12.32,0.508
12.33,0.011,12.33,0.508
12.3400000000,0.011,12.3400000000,0.508
12.35,0.011,12.35,0.508
12.36,0.011,12.36,0.508
12.3700000000,0.011,12.3700000000,0.508
12.38,0.011,12.38,0.508
12.39,0.011,12.39,0.508
12.4000000000,0.011,12.4000000000,0.508
12.41,0.011,12.41,0.508
12.42,0.011,12.42,0.508
12.4300000000,0.011,12.4300000000,0.508
12.44,0.011,12.44,0.508
12.45,0.011,12.45,0.508
12.4600000000,0.011,12.4600000000,0.508
12.47,0.011,12.47,0.508
12.48,0.011,12.48,0.508
12.4900000000,0.011,12.4900000000,0.508
12.5,0.011,12.5,0.508
12.51,0.011,12.51,0.508
12.5200000000,0.011,12.5200000000,0.506
12.5300000000,0.011,12.5300000000,0.508
12.54,0.011,12.54,0.506
12.55,0.011,12.55,0.508
12.5600000000,0.011,12.5600000000,0.508
12.57,0.011,12.57,0.508
12.58,0.011,12.58,0.508
12.5900000000,0.011,12.5900000000,0.508
12.6,0.012,12.6,0.508
12.61,0.011,12.61,0.508
12.6200000000,0.011,12.6200000000,0.508
12.63,0.011,12.63,0.508
12.64,0.011,12.64,0.508
12.6500000000,0.011,12.6500000000,0.508
12.66,0.011,12.66,0.508
12.67,0.011,12.67,0.508
12.6800000000,0.012,12.6800000000,0.508
12.69,0.011,12.69,0.508
12.7,0.012,12.7,0.508
12.7100000000,0.011,12.7100000000,0.508
12.72,0.011,12.72,0.508
12.73,0.011,12.73,0.508
12.7400000000,0.011,12.7400000000,0.508
12.75,0.011,12.75,0.506
12.76,0.011,12.76,0.508
12.7700000000,0.011,12.7700000000,0.506
12.7800000000,0.011,12.7800000000,0.508
12.79,0.011,12.79,0.506
12.8,0.012,12.8,0.506
12.8100000000,0.012,12.8100000000,0.506
12.82,0.011,12.82,0.506
12.83,0.012,12.83,0.506
12.8400000000,0.011,12.8400000000,0.506
12.85,0.012,12.85,0.506
12.86,0.011,12.86,0.506
12.8700000000,0.012,12.8700000000,0.506
12.88,0.012,12.88,0.508
12.89,0.012,12.89,0.506
12.9000000000,0.012,12.9000000000,0.508
12.91,0.012,12.91,0.506
12.92,0.012,12.92,0.506
12.9300000000,0.012,12.9300000000,0.506
12.94,0.011,12.94,0.506
12.95,0.011,12.95,0.508
12.9600000000,0.011,12.9600000000,0.508
12.97,0.012,12.97,0.506
12.98,0.012,12.98,0.506
12.9900000000,0.012,12.9900000000,0.506
13.,0.012,13.,0.506
13.01,0.012,13.01,0.506
13.0200000000,0.012,13.0200000000,0.506
13.0300000000,0.011,13.0300000000,0.506
13.04,0.011,13.04,0.506
13.05,0.011,13.05,0.506
13.0600000000,0.011,13.0600000000,0.506
13.07,0.011,13.07,0.506
13.08,0.011,13.08,0.506
13.0900000000,0.012,13.0900000000,0.506
13.1,0.012,13.1,0.506
13.11,0.012,13.11,0.506
13.1200000000,0.011,13.1200000000,0.506
13.13,0.011,13.13,0.506
13.14,0.011,13.14,0.506
13.1500000000,0.011,13.1500000000,0.506
13.16,0.011,13.16,0.506
13.17,0.011,13.17,0.506
13.1800000000,0.011,13.1800000000,0.506
13.19,0.011,13.19,0.506
13.2,0.011,13.2,0.506
13.2100000000,0.011,13.2100000000,0.506
13.22,0.011,13.22,0.506
13.23,0.011,13.23,0.506
13.2400000000,0.011,13.2400000000,0.506
13.25,0.011,13.25,0.505
13.26,0.011,13.26,0.505
13.2700000000,0.011,13.2700000000,0.506
13.2800000000,0.011,13.2800000000,0.506
13.29,0.011,13.29,0.506
13.3,0.011,13.3,0.506
13.3100000000,0.011,13.3100000000,0.506
13.32,0.011,13.32,0.506
13.33,0.011,13.33,0.506
13.3400000000,0.011,13.3400000000,0.505
13.35,0.011,13.35,0.506
13.36,0.011,13.36,0.506
13.3700000000,0.011,13.3700000000,0.506
13.38,0.011,13.38,0.505
13.39,0.011,13.39,0.506
13.4000000000,0.012,13.4000000000,0.506
13.41,0.012,13.41,0.505
13.42,0.011,13.42,0.506
13.4300000000,0.011,13.4300000000,0.506
13.44,0.011,13.44,0.506
13.45,0.012,13.45,0.506
13.4600000000,0.012,13.4600000000,0.506
13.47,0.012,13.47,0.506
13.48,0.012,13.48,0.506
13.4900000000,0.012,13.4900000000,0.506
13.5,0.011,13.5,0.506
13.51,0.011,13.51,0.506
13.5200000000,0.012,13.5200000000,0.506
13.5300000000,0.012,13.5300000000,0.506
13.54,0.012,13.54,0.505
13.55,0.012,13.55,0.505
13.5600000000,0.012,13.5600000000,0.505
13.57,0.012,13.57,0.505
13.58,0.011,13.58,0.505
13.5900000000,0.011,13.5900000000,0.505
13.6,0.011,13.6,0.505
13.61,0.011,13.61,0.505
13.6200000000,0.011,13.6200000000,0.505
13.63,0.012,13.63,0.505
13.64,0.011,13.64,0.505
13.6500000000,0.011,13.6500000000,0.505
13.66,0.011,13.66,0.505
13.67,0.012,13.67,0.505
13.6800000000,0.012,13.6800000000,0.505
13.69,0.012,13.69,0.505
13.7,0.012,13.7,0.503
13.7100000000,0.012,13.7100000000,0.505
13.72,0.011,13.72,0.503
13.73,0.011,13.73,0.505
13.7400000000,0.011,13.7400000000,0.505
13.75,0.011,13.75,0.503
13.76,0.012,13.76,0.503
13.7700000000,0.012,13.7700000000,0.503
13.7800000000,0.012,13.7800000000,0.505
13.79,0.012,13.79,0.503
13.8,0.012,13.8,0.505
13.8100000000,0.011,13.8100000000,0.505
13.82,0.011,13.82,0.505
13.83,0.011,13.83,0.505
13.8400000000,0.011,13.8400000000,0.503
13.85,0.012,13.85,0.503
13.86,0.012,13.86,0.503
13.8700000000,0.012,13.8700000000,0.503
13.88,0.011,13.88,0.503
13.89,0.011,13.89,0.503
13.9000000000,0.011,13.9000000000,0.503
13.91,0.011,13.91,0.503
13.92,0.011,13.92,0.503
13.9300000000,0.012,13.9300000000,0.503
13.94,0.012,13.94,0.503
13.95,0.011,13.95,0.503
13.9600000000,0.011,13.9600000000,0.503
13.97,0.011,13.97,0.503
13.98,0.011,13.98,0.503
13.9900000000,0.012,13.9900000000,0.503
14.,0.012,14.,0.503
14.01,0.012,14.01,0.503
14.0200000000,0.012,14.0200000000,0.503
14.0300000000,0.012,14.0300000000,0.503
14.04,0.011,14.04,0.503
14.05,0.011,14.05,0.503
14.0600000000,0.011,14.0600000000,0.503
14.07,0.011,14.07,0.502
14.08,0.011,14.08,0.502
14.0900000000,0.012,14.0900000000,0.502
14.1,0.012,14.1,0.503
14.11,0.012,14.11,0.503
14.1200000000,0.011,14.1200000000,0.503
14.13,0.011,14.13,0.503
14.14,0.011,14.14,0.503
14.1500000000,0.011,14.1500000000,0.502
14.16,0.012,14.16,0.502
14.17,0.012,14.17,0.502
14.1800000000,0.012,14.1800000000,0.502
14.19,0.011,14.19,0.502
14.2,0.011,14.2,0.503
14.2100000000,0.011,14.2100000000,0.503
14.22,0.011,14.22,0.502
14.23,0.012,14.23,0.502
14.2400000000,0.012,14.2400000000,0.502
14.25,0.011,14.25,0.502
14.26,0.011,14.26,0.503
14.2700000000,0.011,14.2700000000,0.503
14.2800000000,0.011,14.2800000000,0.502
14.29,0.011,14.29,0.502
14.3,0.012,14.3,0.503
14.3100000000,0.012,14.3100000000,0.502
14.32,0.011,14.32,0.503
14.33,0.011,14.33,0.502
14.3400000000,0.011,14.3400000000,0.502
14.35,0.011,14.35,0.502
14.36,0.011,14.36,0.502
14.3700000000,0.011,14.3700000000,0.502
14.38,0.011,14.38,0.502
14.39,0.011,14.39,0.502
14.4000000000,0.011,14.4000000000,0.502
14.41,0.011,14.41,0.502
14.42,0.012,14.42,0.502
14.4300000000,0.011,14.4300000000,0.502
14.44,0.011,14.44,0.502
14.45,0.011,14.45,0.502
14.4600000000,0.011,14.4600000000,0.502
14.47,0.011,14.47,0.502
14.48,0.011,14.48,0.502
14.4900000000,0.011,14.4900000000,0.502
14.5,0.011,14.5,0.502
14.51,0.011,14.51,0.502
14.5200000000,0.011,14.5200000000,0.502
14.5300000000,0.011,14.5300000000,0.502
14.54,0.011,14.54,0.502
14.55,0.011,14.55,0.502
14.5600000000,0.011,14.5600000000,0.502
14.57,0.011,14.57,0.502
14.58,0.012,14.58,0.502
14.5900000000,0.012,14.5900000000,0.502
14.6,0.012,14.6,0.502
14.61,0.011,14.61,0.502
14.6200000000,0.011,14.6200000000,0.502
14.63,0.011,14.63,0.502
14.64,0.011,14.64,0.502
14.6500000000,0.012,14.6500000000,0.502
14.66,0.012,14.66,0.502
14.67,0.012,14.67,0.502
14.6800000000,0.012,14.6800000000,0.502
14.69,0.011,14.69,0.502
14.7,0.011,14.7,0.502
14.7100000000,0.011,14.7100000000,0.502
14.72,0.011,14.72,0.502
14.73,0.012,14.73,0.502
14.7400000000,0.012,14.7400000000,0.502
14.75,0.012,14.75,0.502
14.76,0.012,14.76,0.502
14.7700000000,0.011,14.7700000000,0.502
14.7800000000,0.011,14.7800000000,0.502
14.79,0.011,14.79,0.502
14.8,0.012,14.8,0.502
14.8100000000,0.012,14.8100000000,0.502
14.82,0.012,14.82,0.502
14.83,0.012,14.83,0.502
14.8400000000,0.012,14.8400000000,0.502
14.85,0.011,14.85,0.502
14.86,0.011,14.86,0.502
14.8700000000,0.011,14.8700000000,0.502
14.88,0.012,14.88,0.502
14.89,0.012,14.89,0.502
14.9000000000,0.012,14.9000000000,0.502
14.91,0.012,14.91,0.502
14.92,0.012,14.92,0.502
14.9300000000,0.011,14.9300000000,0.502
14.94,0.011,14.94,0.502
14.95,0.011,14.95,0.502
14.9600000000,0.012,14.9600000000,0.502
14.97,0.012,14.97,0.502
14.98,0.012,14.98,0.502
14.9900000000,0.012,14.9900000000,0.502
15.,0.012,15.,0.502
15.01,0.011,15.01,0.502
15.0200000000,0.011,15.0200000000,0.502
15.0300000000,0.011,15.0300000000,0.502
15.04,0.012,15.04,0.502
15.05,0.012,15.05,0.502
15.0600000000,0.012,15.0600000000,0.502
15.07,0.012,15.07,0.502
15.08,0.011,15.08,0.502
15.0900000000,0.011,15.0900000000,0.502
15.1,0.011,15.1,0.502
15.11,0.011,15.11,0.502
15.1200000000,0.012,15.1200000000,0.502
15.13,0.012,15.13,0.502
15.14,0.012,15.14,0.502
15.1500000000,0.012,15.1500000000,0.502
15.16,0.011,15.16,0.502
15.17,0.011,15.17,0.502
15.1800000000,0.011,15.1800000000,0.502
15.19,0.012,15.19,0.502
15.2,0.012,15.2,0.502
15.2100000000,0.012,15.2100000000,0.502
15.22,0.012,15.22,0.502
15.23,0.011,15.23,0.502
15.2400000000,0.011,15.2400000000,0.502
15.25,0.011,15.25,0.502
15.26,0.011,15.26,0.502
15.2700000000,0.011,15.2700000000,0.502
15.2800000000,0.012,15.2800000000,0.502
15.29,0.012,15.29,0.502
15.3,0.011,15.3,0.502
15.3100000000,0.012,15.3100000000,0.502
15.32,0.012,15.32,0.502
15.33,0.012,15.33,0.502
15.3400000000,0.011,15.3400000000,0.502
15.35,0.011,15.35,0.502
15.36,0.011,15.36,0.502
15.3700000000,0.012,15.3700000000,0.502
15.38,0.012,15.38,0.502
15.39,0.012,15.39,0.502
15.4000000000,0.012,15.4000000000,0.502
15.41,0.012,15.41,0.502
15.42,0.012,15.42,0.502
15.4300000000,0.011,15.4300000000,0.502
15.44,0.011,15.44,0.502
15.45,0.011,15.45,0.502
15.4600000000,0.012,15.4600000000,0.502
15.47,0.012,15.47,0.502
15.48,0.012,15.48,0.502
15.4900000000,0.012,15.4900000000,0.502
15.5,0.012,15.5,0.502
15.51,0.011,15.51,0.502
15.5200000000,0.011,15.5200000000,0.502
15.5300000000,0.011,15.5300000000,0.502
15.54,0.011,15.54,0.502
15.55,0.011,15.55,0.502
15.5600000000,0.012,15.5600000000,0.502
15.57,0.012,15.57,0.502
15.58,0.012,15.58,0.502
15.5900000000,0.011,15.5900000000,0.502
15.6,0.011,15.6,0.502
15.61,0.011,15.61,0.502
15.6200000000,0.011,15.6200000000,0.502
15.63,0.011,15.63,0.502
15.64,0.012,15.64,0.502
15.6500000000,0.012,15.6500000000,0.502
15.66,0.012,15.66,0.502
15.67,0.011,15.67,0.502
15.6800000000,0.011,15.6800000000,0.502
15.69,0.011,15.69,0.502
15.7,0.011,15.7,0.502
15.7100000000,0.011,15.7100000000,0.502
15.72,0.011,15.72,0.502
15.73,0.012,15.73,0.502
15.7400000000,0.012,15.7400000000,0.502
15.75,0.011,15.75,0.502
15.76,0.011,15.76,0.502
15.7700000000,0.011,15.7700000000,0.502
15.7800000000,0.011,15.7800000000,0.502
15.79,0.011,15.79,0.502
15.8,0.012,15.8,0.502
15.8100000000,0.012,15.8100000000,0.502
15.82,0.012,15.82,0.502
15.83,0.012,15.83,0.502
15.8400000000,0.011,15.8400000000,0.502
15.85,0.011,15.85,0.502
15.86,0.011,15.86,0.502
15.8700000000,0.011,15.8700000000,0.502
15.88,0.011,15.88,0.502
15.89,0.011,15.89,0.502
15.9000000000,0.012,15.9000000000,0.502
15.91,0.011,15.91,0.502
15.92,0.011,15.92,0.502
15.9300000000,0.011,15.9300000000,0.502
15.94,0.011,15.94,0.502
15.95,0.011,15.95,0.502
15.9600000000,0.011,15.9600000000,0.502
15.97,0.011,15.97,0.502
15.98,0.011,15.98,0.502
15.9900000000,0.011,15.9900000000,0.502
16.,0.012,16.,0.502
16.01,0.012,16.01,0.502
16.0200000000,0.012,16.0200000000,0.502
16.03,0.011,16.03,0.502
16.04,0.011,16.04,0.502
16.05,0.011,16.05,0.502
16.0600000000,0.011,16.0600000000,0.502
16.07,0.011,16.07,0.502
16.08,0.012,16.08,0.502
16.0900000000,0.012,16.0900000000,0.502
16.1,0.012,16.1,0.502
16.11,0.011,16.11,0.502
16.1200000000,0.011,16.1200000000,0.502
16.13,0.011,16.13,0.502
16.14,0.011,16.14,0.502
16.1500000000,0.012,16.1500000000,0.502
16.16,0.012,16.16,0.502
16.17,0.012,16.17,0.502
16.1800000000,0.011,16.1800000000,0.502
16.19,0.011,16.19,0.502
16.2,0.011,16.2,0.502
16.2100000000,0.011,16.2100000000,0.502
16.22,0.011,16.22,0.502
16.23,0.012,16.23,0.502
16.2400000000,0.012,16.2400000000,0.502
16.25,0.012,16.25,0.502
16.26,0.011,16.26,0.502
16.2700000000,0.011,16.2700000000,0.502
16.28,0.011,16.28,0.502
16.29,0.011,16.29,0.502
16.3,0.011,16.3,0.502
16.3100000000,0.012,16.3100000000,0.502
16.32,0.012,16.32,0.502
16.33,0.011,16.33,0.502
16.3400000000,0.011,16.3400000000,0.502
16.35,0.011,16.35,0.502
16.36,0.011,16.36,0.502
16.3700000000,0.011,16.3700000000,0.502
16.38,0.012,16.38,0.502
16.39,0.011,16.39,0.502
16.4000000000,0.011,16.4000000000,0.502
16.41,0.011,16.41,0.502
16.42,0.011,16.42,0.502
16.4300000000,0.011,16.4300000000,0.502
16.44,0.011,16.44,0.502
16.45,0.011,16.45,0.502
16.4600000000,0.012,16.4600000000,0.502
16.47,0.012,16.47,0.502
16.48,0.011,16.48,0.502
16.4900000000,0.011,16.4900000000,0.502
16.5,0.011,16.5,0.502
16.51,0.011,16.51,0.502
16.5200000000,0.011,16.5200000000,0.502
16.53,0.011,16.53,0.502
16.54,0.011,16.54,0.502
16.55,0.011,16.55,0.502
16.5600000000,0.011,16.5600000000,0.502
16.57,0.012,16.57,0.502
16.58,0.012,16.58,0.502
16.5900000000,0.012,16.5900000000,0.502
16.6,0.011,16.6,0.502
16.61,0.011,16.61,0.502
16.6200000000,0.011,16.6200000000,0.502
16.63,0.011,16.63,0.502
16.64,0.011,16.64,0.502
16.6500000000,0.012,16.6500000000,0.502
16.66,0.012,16.66,0.502
16.67,0.012,16.67,0.502
16.6800000000,0.011,16.6800000000,0.502
16.69,0.011,16.69,0.502
16.7,0.011,16.7,0.502
16.7100000000,0.011,16.7100000000,0.502
16.72,0.012,16.72,0.502
16.73,0.012,16.73,0.502
16.7400000000,0.012,16.7400000000,0.502
16.75,0.012,16.75,0.502
16.76,0.011,16.76,0.502
16.7700000000,0.011,16.7700000000,0.502
16.78,0.011,16.78,0.502
16.79,0.011,16.79,0.502
16.8,0.012,16.8,0.502
16.8100000000,0.012,16.8100000000,0.502
16.82,0.012,16.82,0.502
16.83,0.011,16.83,0.502
16.8400000000,0.011,16.8400000000,0.502
16.85,0.011,16.85,0.502
16.86,0.012,16.86,0.502
16.8700000000,0.011,16.8700000000,0.502
16.88,0.011,16.88,0.502
16.89,0.011,16.89,0.502
16.9000000000,0.011,16.9000000000,0.502
16.91,0.011,16.91,0.502
16.92,0.011,16.92,0.502
16.9300000000,0.011,16.9300000000,0.502
16.94,0.012,16.94,0.502
16.95,0.012,16.95,0.502
16.9600000000,0.011,16.9600000000,0.502
16.97,0.011,16.97,0.502
16.98,0.011,16.98,0.502
16.9900000000,0.011,16.9900000000,0.502
17.,0.011,17.,0.502
17.01,0.011,17.01,0.502
17.0200000000,0.011,17.0200000000,0.502
17.03,0.011,17.03,0.502
17.04,0.012,17.04,0.502
17.05,0.012,17.05,0.502
17.0600000000,0.012,17.0600000000,0.502
17.07,0.012,17.07,0.502
17.08,0.011,17.08,0.502
17.0900000000,0.011,17.0900000000,0.502
17.1,0.011,17.1,0.502
17.11,0.012,17.11,0.502
17.1200000000,0.012,17.1200000000,0.502
17.13,0.012,17.13,0.502
17.14,0.012,17.14,0.502
17.1500000000,0.011,17.1500000000,0.502
17.16,0.011,17.16,0.503
17.17,0.011,17.17,0.503
17.1800000000,0.011,17.1800000000,0.503
17.19,0.012,17.19,0.503
17.2,0.012,17.2,0.503
17.2100000000,0.012,17.2100000000,0.502
17.22,0.011,17.22,0.503
17.23,0.011,17.23,0.502
17.2400000000,0.011,17.2400000000,0.502
17.25,0.011,17.25,0.502
17.26,0.011,17.26,0.503
17.2700000000,0.012,17.2700000000,0.503
17.28,0.012,17.28,0.503
17.29,0.012,17.29,0.503
17.3,0.011,17.3,0.503
17.3100000000,0.011,17.3100000000,0.503
17.32,0.011,17.32,0.503
17.33,0.011,17.33,0.503
17.3400000000,0.011,17.3400000000,0.503
17.35,0.012,17.35,0.503
17.36,0.012,17.36,0.503
17.3700000000,0.012,17.3700000000,0.503
17.38,0.012,17.38,0.503
17.39,0.011,17.39,0.503
17.4000000000,0.011,17.4000000000,0.503
17.41,0.011,17.41,0.503
17.42,0.011,17.42,0.502
17.4300000000,0.012,17.4300000000,0.503
17.44,0.012,17.44,0.503
17.45,0.012,17.45,0.503
17.4600000000,0.011,17.4600000000,0.503
17.47,0.011,17.47,0.503
17.48,0.011,17.48,0.503
17.4900000000,0.011,17.4900000000,0.503
17.5,0.011,17.5,0.503
17.51,0.012,17.51,0.503
17.5200000000,0.012,17.5200000000,0.503
17.53,0.011,17.53,0.503
17.54,0.011,17.54,0.503
17.55,0.011,17.55,0.503
17.5600000000,0.011,17.5600000000,0.503
17.57,0.011,17.57,0.503
17.58,0.012,17.58,0.503
17.5900000000,0.012,17.5900000000,0.503
17.6,0.011,17.6,0.503
17.61,0.011,17.61,0.503
17.6200000000,0.011,17.6200000000,0.503
17.63,0.011,17.63,0.503
17.64,0.011,17.64,0.503
17.6500000000,0.011,17.6500000000,0.503
17.66,0.011,17.66,0.503
17.67,0.011,17.67,0.503
17.6800000000,0.011,17.6800000000,0.503
17.69,0.011,17.69,0.503
17.7,0.012,17.7,0.503
17.7100000000,0.011,17.7100000000,0.503
17.72,0.011,17.72,0.503
17.73,0.011,17.73,0.503
17.7400000000,0.011,17.7400000000,0.503
17.75,0.011,17.75,0.503
17.76,0.012,17.76,0.503
17.7700000000,0.012,17.7700000000,0.503
17.78,0.012,17.78,0.503
17.79,0.011,17.79,0.503
17.8,0.012,17.8,0.503
17.8100000000,0.011,17.8100000000,0.503
17.82,0.011,17.82,0.503
17.83,0.012,17.83,0.503
17.8400000000,0.012,17.8400000000,0.503
17.85,0.012,17.85,0.503
17.86,0.012,17.86,0.503
17.8700000000,0.011,17.8700000000,0.503
17.88,0.011,17.88,0.503
17.89,0.011,17.89,0.503
17.9000000000,0.011,17.9000000000,0.503
17.91,0.011,17.91,0.503
17.92,0.012,17.92,0.503
17.9300000000,0.012,17.9300000000,0.503
17.94,0.012,17.94,0.503
17.95,0.012,17.95,0.503
17.9600000000,0.011,17.9600000000,0.503
17.97,0.011,17.97,0.503
17.98,0.011,17.98,0.503
17.9900000000,0.012,17.9900000000,0.503
18.,0.012,18.,0.503
18.01,0.012,18.01,0.503
18.0200000000,0.012,18.0200000000,0.503
18.03,0.011,18.03,0.503
18.04,0.011,18.04,0.503
18.05,0.011,18.05,0.503
18.0600000000,0.011,18.0600000000,0.503
18.07,0.011,18.07,0.503
18.08,0.012,18.08,0.503
18.0900000000,0.012,18.0900000000,0.503
18.1,0.012,18.1,0.503
18.11,0.011,18.11,0.503
18.1200000000,0.011,18.1200000000,0.503
18.13,0.011,18.13,0.503
18.14,0.011,18.14,0.503
18.1500000000,0.011,18.1500000000,0.503
18.16,0.012,18.16,0.503
18.17,0.012,18.17,0.503
18.1800000000,0.012,18.1800000000,0.503
18.19,0.012,18.19,0.503
18.2,0.011,18.2,0.503
18.2100000000,0.011,18.2100000000,0.503
18.22,0.012,18.22,0.503
18.23,0.012,18.23,0.503
18.2400000000,0.012,18.2400000000,0.503
18.25,0.011,18.25,0.503
18.26,0.011,18.26,0.503
18.2700000000,0.011,18.2700000000,0.503
18.28,0.011,18.28,0.503
18.29,0.011,18.29,0.503
18.3,0.011,18.3,0.503
18.3100000000,0.012,18.3100000000,0.503
18.32,0.011,18.32,0.503
18.33,0.011,18.33,0.503
18.3400000000,0.012,18.3400000000,0.503
18.35,0.011,18.35,0.503
18.36,0.011,18.36,0.503
18.3700000000,0.011,18.3700000000,0.503
18.38,0.011,18.38,0.503
18.39,0.011,18.39,0.503
18.4000000000,0.012,18.4000000000,0.503
18.41,0.012,18.41,0.503
18.42,0.011,18.42,0.503
18.4300000000,0.011,18.4300000000,0.503
18.44,0.011,18.44,0.503
18.45,0.011,18.45,0.503
18.4600000000,0.011,18.4600000000,0.503
18.47,0.012,18.47,0.503
18.48,0.012,18.48,0.503
18.4900000000,0.011,18.4900000000,0.503
18.5,0.011,18.5,0.503
18.51,0.011,18.51,0.503
18.5200000000,0.011,18.5200000000,0.503
18.53,0.011,18.53,0.503
18.54,0.012,18.54,0.503
18.55,0.011,18.55,0.503
18.5600000000,0.011,18.5600000000,0.503
18.57,0.011,18.57,0.503
18.58,0.011,18.58,0.503
18.5900000000,0.011,18.5900000000,0.503
18.6,0.011,18.6,0.503
18.61,0.011,18.61,0.503
18.6200000000,0.011,18.6200000000,0.503
18.63,0.012,18.63,0.503
18.64,0.012,18.64,0.503
18.6500000000,0.012,18.6500000000,0.503
18.66,0.011,18.66,0.503
18.67,0.011,18.67,0.503
18.6800000000,0.011,18.6800000000,0.503
18.69,0.012,18.69,0.503
18.7,0.012,18.7,0.503
18.7100000000,0.012,18.7100000000,0.503
18.72,0.011,18.72,0.503
18.73,0.011,18.73,0.503
18.7400000000,0.011,18.7400000000,0.503
18.75,0.011,18.75,0.503
18.76,0.011,18.76,0.503
18.7700000000,0.011,18.7700000000,0.503
18.78,0.012,18.78,0.503
18.79,0.012,18.79,0.503
18.8,0.011,18.8,0.503
18.8100000000,0.011,18.8100000000,0.503
18.82,0.011,18.82,0.503
18.83,0.011,18.83,0.503
18.8400000000,0.011,18.8400000000,0.503
18.85,0.011,18.85,0.503
18.86,0.011,18.86,0.503
18.8700000000,0.012,18.8700000000,0.503
18.88,0.012,18.88,0.503
18.89,0.012,18.89,0.503
18.9000000000,0.012,18.9000000000,0.503
18.91,0.011,18.91,0.503
18.92,0.011,18.92,0.503
18.9300000000,0.011,18.9300000000,0.503
18.94,0.012,18.94,0.503
18.95,0.012,18.95,0.503
18.9600000000,0.012,18.9600000000,0.503
18.97,0.011,18.97,0.503
18.98,0.011,18.98,0.503
18.9900000000,0.011,18.9900000000,0.503
19.,0.011,19.,0.503
19.01,0.011,19.01,0.503
19.0200000000,0.011,19.0200000000,0.503
19.03,0.011,19.03,0.503
19.04,0.012,19.04,0.503
19.05,0.012,19.05,0.503
19.0600000000,0.012,19.0600000000,0.503
19.07,0.011,19.07,0.503
19.08,0.011,19.08,0.503
19.0900000000,0.011,19.0900000000,0.503
19.1,0.012,19.1,0.503
19.11,0.012,19.11,0.503
19.1200000000,0.011,19.1200000000,0.503
19.13,0.011,19.13,0.503
19.14,0.011,19.14,0.503
19.1500000000,0.011,19.1500000000,0.503
19.16,0.011,19.16,0.503
19.17,0.011,19.17,0.503
19.1800000000,0.011,19.1800000000,0.503
19.19,0.011,19.19,0.503
19.2,0.012,19.2,0.503
19.2100000000,0.012,19.2100000000,0.503
19.22,0.012,19.22,0.503
19.23,0.011,19.23,0.503
19.2400000000,0.011,19.2400000000,0.503
19.25,0.011,19.25,0.503
19.26,0.011,19.26,0.503
19.2700000000,0.012,19.2700000000,0.503
19.28,0.012,19.28,0.503
19.29,0.012,19.29,0.503
19.3,0.012,19.3,0.503
19.3100000000,0.011,19.3100000000,0.503
19.32,0.011,19.32,0.503
19.33,0.011,19.33,0.503
19.3400000000,0.011,19.3400000000,0.503
19.35,0.012,19.35,0.503
19.36,0.012,19.36,0.503
19.3700000000,0.012,19.3700000000,0.503
19.38,0.012,19.38,0.503
19.39,0.011,19.39,0.503
19.4000000000,0.011,19.4000000000,0.502
19.41,0.011,19.41,0.503
19.42,0.011,19.42,0.503
19.4300000000,0.012,19.4300000000,0.503
19.44,0.012,19.44,0.503
19.45,0.012,19.45,0.503
19.4600000000,0.012,19.4600000000,0.503
19.47,0.011,19.47,0.503
19.48,0.011,19.48,0.503
19.4900000000,0.011,19.4900000000,0.503
19.5,0.011,19.5,0.503
19.51,0.011,19.51,0.503
19.5200000000,0.012,19.5200000000,0.503
19.53,0.012,19.53,0.503
19.54,0.012,19.54,0.503
19.55,0.011,19.55,0.503
19.5600000000,0.011,19.5600000000,0.503
19.57,0.011,19.57,0.503
19.58,0.012,19.58,0.503
19.5900000000,0.012,19.5900000000,0.503
19.6,0.012,19.6,0.502
19.61,0.011,19.61,0.503
19.6200000000,0.011,19.6200000000,0.503
19.63,0.011,19.63,0.502
19.64,0.011,19.64,0.503
19.6500000000,0.011,19.6500000000,0.502
19.66,0.011,19.66,0.503
19.67,0.011,19.67,0.502
19.6800000000,0.012,19.6800000000,0.502
19.69,0.012,19.69,0.503
19.7,0.011,19.7,0.503
19.7100000000,0.011,19.7100000000,0.503
19.72,0.011,19.72,0.503
19.73,0.011,19.73,0.503
19.7400000000,0.012,19.7400000000,0.503
19.75,0.012,19.75,0.503
19.76,0.012,19.76,0.503
19.7700000000,0.011,19.7700000000,0.503
19.78,0.011,19.78,0.503
19.79,0.011,19.79,0.503
19.8,0.011,19.8,0.503
19.8100000000,0.011,19.8100000000,0.503
19.82,0.011,19.82,0.502
19.83,0.012,19.83,0.503
19.8400000000,0.012,19.8400000000,0.502
19.85,0.012,19.85,0.502
19.86,0.011,19.86,0.503
19.8700000000,0.011,19.8700000000,0.503
19.88,0.011,19.88,0.502
19.89,0.011,19.89,0.502
19.9000000000,0.011,19.9000000000,0.502
19.91,0.011,19.91,0.502
19.92,0.012,19.92,0.503
19.9300000000,0.011,19.9300000000,0.503
19.94,0.011,19.94,0.502
19.95,0.011,19.95,0.503
19.9600000000,0.012,19.9600000000,0.503
19.97,0.011,19.97,0.503
19.98,0.012,19.98,0.503
19.9900000000,0.012,19.9900000000,0.502
20.,0.011,20.,0.502
20.01,0.011,20.01,0.503
20.0200000000,0.011,20.0200000000,0.503
20.03,0.011,20.03,0.503
20.04,0.011,20.04,0.503
20.05,0.011,20.05,0.503
20.0600000000,0.011,20.0600000000,0.503
20.07,0.011,20.07,0.502
20.08,0.012,20.08,0.502
20.0900000000,0.011,20.0900000000,0.502
20.1,0.011,20.1,0.502
20.11,0.011,20.11,0.502
20.1200000000,0.011,20.1200000000,0.502
20.13,0.012,20.13,0.502
20.14,0.012,20.14,0.502
20.1500000000,0.012,20.1500000000,0.502
20.16,0.011,20.16,0.502
20.17,0.011,20.17,0.502
20.1800000000,0.011,20.1800000000,0.502
20.19,0.011,20.19,0.502
20.2,0.011,20.2,0.502
20.2100000000,0.011,20.2100000000,0.502
20.22,0.011,20.22,0.502
20.23,0.011,20.23,0.502
20.2400000000,0.012,20.2400000000,0.502
20.25,0.012,20.25,0.502
20.26,0.011,20.26,0.502
20.2700000000,0.011,20.2700000000,0.502
20.28,0.011,20.28,0.502
20.29,0.011,20.29,0.502
20.3,0.011,20.3,0.502
20.3100000000,0.012,20.3100000000,0.502
20.32,0.012,20.32,0.502
20.33,0.012,20.33,0.502
20.3400000000,0.011,20.3400000000,0.502
20.35,0.011,20.35,0.502
20.36,0.011,20.36,0.502
20.3700000000,0.011,20.3700000000,0.502
20.38,0.011,20.38,0.502
20.39,0.012,20.39,0.502
20.4000000000,0.012,20.4000000000,0.502
20.41,0.011,20.41,0.502
20.42,0.011,20.42,0.502
20.4300000000,0.011,20.4300000000,0.502
20.44,0.011,20.44,0.502
20.45,0.011,20.45,0.502
20.4600000000,0.012,20.4600000000,0.502
20.47,0.012,20.47,0.502
20.48,0.011,20.48,0.502
20.4900000000,0.011,20.4900000000,0.502
20.5,0.011,20.5,0.502
20.51,0.011,20.51,0.502
20.5200000000,0.011,20.5200000000,0.502
20.53,0.011,20.53,0.502
20.54,0.011,20.54,0.502
20.55,0.011,20.55,0.502
20.5600000000,0.011,20.5600000000,0.502
20.57,0.012,20.57,0.502
20.58,0.012,20.58,0.502
20.5900000000,0.011,20.5900000000,0.502
20.6,0.011,20.6,0.502
20.61,0.011,20.61,0.502
20.6200000000,0.011,20.6200000000,0.502
20.63,0.011,20.63,0.502
20.64,0.012,20.64,0.502
20.6500000000,0.012,20.6500000000,0.502
20.66,0.012,20.66,0.502
20.67,0.011,20.67,0.502
20.6800000000,0.011,20.6800000000,0.502
20.69,0.011,20.69,0.502
20.7,0.012,20.7,0.502
20.7100000000,0.012,20.7100000000,0.502
20.72,0.011,20.72,0.502
20.73,0.011,20.73,0.502
20.7400000000,0.011,20.7400000000,0.502
20.75,0.011,20.75,0.502
20.76,0.011,20.76,0.502
20.7700000000,0.011,20.7700000000,0.502
20.78,0.011,20.78,0.502
20.79,0.011,20.79,0.502
20.8,0.012,20.8,0.502
20.8100000000,0.012,20.8100000000,0.502
20.82,0.012,20.82,0.502
20.83,0.011,20.83,0.502
20.8400000000,0.011,20.8400000000,0.502
20.85,0.011,20.85,0.502
20.86,0.011,20.86,0.502
20.8700000000,0.012,20.8700000000,0.502
20.88,0.012,20.88,0.502
20.89,0.012,20.89,0.502
20.9000000000,0.012,20.9000000000,0.502
20.91,0.011,20.91,0.502
20.92,0.011,20.92,0.502
20.9300000000,0.011,20.9300000000,0.502
20.94,0.011,20.94,0.502
20.95,0.011,20.95,0.502
20.9600000000,0.012,20.9600000000,0.502
20.97,0.012,20.97,0.502
20.98,0.012,20.98,0.502
20.9900000000,0.011,20.9900000000,0.502
21.,0.011,21.,0.502
21.01,0.011,21.01,0.502
21.0200000000,0.011,21.0200000000,0.5
21.03,0.011,21.03,0.502
21.04,0.012,21.04,0.502
21.05,0.012,21.05,0.502
21.0600000000,0.012,21.0600000000,0.502
21.07,0.011,21.07,0.502
21.08,0.011,21.08,0.502
21.0900000000,0.011,21.0900000000,0.502
21.1,0.012,21.1,0.502
21.11,0.012,21.11,0.502
21.1200000000,0.011,21.1200000000,0.502
21.13,0.011,21.13,0.502
21.14,0.011,21.14,0.502
21.1500000000,0.011,21.1500000000,0.502
21.16,0.011,21.16,0.502
21.17,0.011,21.17,0.502
21.1800000000,0.011,21.1800000000,0.502
21.19,0.011,21.19,0.502
21.2,0.011,21.2,0.502
21.2100000000,0.012,21.2100000000,0.502
21.22,0.012,21.22,0.5
21.23,0.011,21.23,0.5
21.2400000000,0.011,21.2400000000,0.502
21.25,0.011,21.25,0.502
21.26,0.011,21.26,0.502
21.2700000000,0.011,21.2700000000,0.5
21.28,0.012,21.28,0.5
21.29,0.012,21.29,0.5
21.3,0.012,21.3,0.5
21.3100000000,0.012,21.3100000000,0.5
21.32,0.011,21.32,0.5
21.33,0.011,21.33,0.5
21.3400000000,0.011,21.3400000000,0.502
21.35,0.012,21.35,0.5
21.36,0.012,21.36,0.5
21.3700000000,0.012,21.3700000000,0.5
21.38,0.011,21.38,0.5
21.39,0.011,21.39,0.5
21.4000000000,0.011,21.4000000000,0.5
21.41,0.011,21.41,0.5
21.42,0.011,21.42,0.5
21.4300000000,0.012,21.4300000000,0.5
21.44,0.012,21.44,0.5
21.45,0.012,21.45,0.5
21.4600000000,0.012,21.4600000000,0.499
21.47,0.011,21.47,0.499
21.48,0.011,21.48,0.5
21.4900000000,0.011,21.4900000000,0.5
21.5,0.011,21.5,0.5
21.51,0.011,21.51,0.5
21.5200000000,0.012,21.5200000000,0.499
21.53,0.012,21.53,0.5
21.54,0.011,21.54,0.499
21.55,0.011,21.55,0.5
21.5600000000,0.011,21.5600000000,0.5
21.57,0.011,21.57,0.5
21.58,0.012,21.58,0.499
21.5900000000,0.012,21.5900000000,0.5
21.6,0.011,21.6,0.5
21.61,0.011,21.61,0.499
21.6200000000,0.011,21.6200000000,0.5
21.63,0.011,21.63,0.5
21.64,0.011,21.64,0.5
21.6500000000,0.011,21.6500000000,0.5
21.66,0.011,21.66,0.5
21.67,0.011,21.67,0.5
21.6800000000,0.012,21.6800000000,0.5
21.69,0.012,21.69,0.5
21.7,0.012,21.7,0.5
21.7100000000,0.011,21.7100000000,0.5
21.72,0.011,21.72,0.5
21.73,0.011,21.73,0.5
21.7400000000,0.011,21.7400000000,0.5
21.75,0.012,21.75,0.5
21.76,0.012,21.76,0.499
21.7700000000,0.011,21.7700000000,0.499
21.78,0.011,21.78,0.5
21.79,0.011,21.79,0.5
21.8,0.011,21.8,0.5
21.8100000000,0.012,21.8100000000,0.5
21.82,0.011,21.82,0.499
21.83,0.012,21.83,0.499
21.8400000000,0.012,21.8400000000,0.499
21.85,0.012,21.85,0.499
21.86,0.012,21.86,0.499
21.8700000000,0.012,21.8700000000,0.499
21.88,0.011,21.88,0.5
21.89,0.011,21.89,0.5
21.9000000000,0.011,21.9000000000,0.5
21.91,0.011,21.91,0.499
21.92,0.012,21.92,0.5
21.9300000000,0.011,21.9300000000,0.499
21.94,0.011,21.94,0.499
21.95,0.011,21.95,0.499
21.9600000000,0.012,21.9600000000,0.5
21.97,0.012,21.97,0.5
21.98,0.012,21.98,0.5
21.9900000000,0.012,21.9900000000,0.499
22.,0.011,22.,0.499
22.01,0.011,22.01,0.499
22.0200000000,0.011,22.0200000000,0.499
22.03,0.011,22.03,0.499
22.04,0.011,22.04,0.499
22.05,0.011,22.05,0.499
22.0600000000,0.011,22.0600000000,0.499
22.07,0.011,22.07,0.499
22.08,0.011,22.08,0.499
22.0900000000,0.011,22.0900000000,0.499
22.1,0.011,22.1,0.499
22.11,0.011,22.11,0.499
22.1200000000,0.011,22.1200000000,0.499
22.13,0.011,22.13,0.499
22.14,0.012,22.14,0.499
22.1500000000,0.011,22.1500000000,0.499
22.16,0.011,22.16,0.499
22.17,0.011,22.17,0.499
22.1800000000,0.011,22.1800000000,0.499
22.19,0.011,22.19,0.499
22.2,0.011,22.2,0.499
22.2100000000,0.011,22.2100000000,0.499
22.22,0.011,22.22,0.499
22.23,0.012,22.23,0.499
22.2400000000,0.012,22.2400000000,0.499
22.25,0.012,22.25,0.499
22.26,0.012,22.26,0.499
22.2700000000,0.011,22.2700000000,0.499
22.28,0.011,22.28,0.499
22.29,0.011,22.29,0.499
22.3,0.011,22.3,0.499
22.3100000000,0.011,22.3100000000,0.499
22.32,0.012,22.32,0.499
22.33,0.012,22.33,0.499
22.3400000000,0.012,22.3400000000,0.499
22.35,0.012,22.35,0.499
22.36,0.011,22.36,0.499
22.3700000000,0.011,22.3700000000,0.499
22.38,0.011,22.38,0.499
22.39,0.011,22.39,0.499
22.4000000000,0.012,22.4000000000,0.499
22.41,0.012,22.41,0.499
22.42,0.012,22.42,0.499
22.4300000000,0.011,22.4300000000,0.499
22.44,0.011,22.44,0.499
22.45,0.011,22.45,0.499
22.4600000000,0.012,22.4600000000,0.499
22.47,0.012,22.47,0.499
22.48,0.012,22.48,0.499
22.4900000000,0.011,22.4900000000,0.499
22.5,0.011,22.5,0.499
22.51,0.011,22.51,0.499
22.5200000000,0.011,22.5200000000,0.499
22.53,0.011,22.53,0.499
22.54,0.011,22.54,0.499
22.55,0.011,22.55,0.499
22.5600000000,0.012,22.5600000000,0.499
22.57,0.012,22.57,0.499
22.58,0.011,22.58,0.499
22.5900000000,0.012,22.5900000000,0.499
22.6,0.011,22.6,0.499
22.61,0.011,22.61,0.499
22.6200000000,0.011,22.6200000000,0.499
22.63,0.011,22.63,0.499
22.64,0.012,22.64,0.499
22.6500000000,0.012,22.6500000000,0.499
22.66,0.012,22.66,0.499
22.67,0.012,22.67,0.499
22.6800000000,0.011,22.6800000000,0.499
22.69,0.011,22.69,0.499
22.7,0.011,22.7,0.499
22.7100000000,0.011,22.7100000000,0.499
22.72,0.012,22.72,0.499
22.73,0.012,22.73,0.499
22.7400000000,0.012,22.7400000000,0.499
22.75,0.011,22.75,0.499
22.76,0.011,22.76,0.499
22.7700000000,0.011,22.7700000000,0.499
22.78,0.011,22.78,0.499
22.79,0.012,22.79,0.499
22.8,0.012,22.8,0.499
22.8100000000,0.012,22.8100000000,0.499
22.82,0.012,22.82,0.499
22.83,0.011,22.83,0.499
22.8400000000,0.011,22.8400000000,0.499
22.85,0.011,22.85,0.499
22.86,0.011,22.86,0.499
22.8700000000,0.011,22.8700000000,0.499
22.88,0.012,22.88,0.499
22.89,0.012,22.89,0.499
22.9000000000,0.012,22.9000000000,0.499
22.91,0.011,22.91,0.499
22.92,0.011,22.92,0.499
22.9300000000,0.011,22.9300000000,0.499
22.94,0.011,22.94,0.499
22.95,0.012,22.95,0.499
22.9600000000,0.012,22.9600000000,0.499
22.97,0.012,22.97,0.499
22.98,0.011,22.98,0.499
22.9900000000,0.011,22.9900000000,0.499
23.,0.011,23.,0.499
23.01,0.011,23.01,0.499
23.0200000000,0.011,23.0200000000,0.499
23.03,0.012,23.03,0.499
23.04,0.012,23.04,0.499
23.05,0.011,23.05,0.499
23.0600000000,0.011,23.0600000000,0.499
23.07,0.011,23.07,0.499
23.08,0.011,23.08,0.499
23.0900000000,0.011,23.0900000000,0.499
23.1,0.011,23.1,0.499
23.11,0.012,23.11,0.499
23.1200000000,0.011,23.1200000000,0.499
23.13,0.012,23.13,0.499
23.14,0.011,23.14,0.499
23.1500000000,0.011,23.1500000000,0.499
23.16,0.011,23.16,0.499
23.17,0.011,23.17,0.499
23.1800000000,0.011,23.1800000000,0.499
23.19,0.011,23.19,0.499
23.2,0.011,23.2,0.499
23.2100000000,0.012,23.2100000000,0.499
23.22,0.012,23.22,0.499
23.23,0.011,23.23,0.499
23.2400000000,0.011,23.2400000000,0.499
23.25,0.011,23.25,0.499
23.26,0.011,23.26,0.499
23.2700000000,0.011,23.2700000000,0.499
23.28,0.012,23.28,0.499
23.29,0.012,23.29,0.499
23.3,0.012,23.3,0.499
23.3100000000,0.011,23.3100000000,0.499
23.32,0.011,23.32,0.499
23.33,0.012,23.33,0.499
23.3400000000,0.011,23.3400000000,0.499
23.35,0.012,23.35,0.499
23.36,0.012,23.36,0.499
23.3700000000,0.012,23.3700000000,0.499
23.38,0.012,23.38,0.499
23.39,0.012,23.39,0.499
23.4000000000,0.012,23.4000000000,0.499
23.41,0.011,23.41,0.499
23.42,0.011,23.42,0.499
23.4300000000,0.011,23.4300000000,0.499
23.44,0.012,23.44,0.499
23.45,0.012,23.45,0.499
23.4600000000,0.012,23.4600000000,0.499
23.47,0.012,23.47,0.499
23.48,0.011,23.48,0.499
23.4900000000,0.011,23.4900000000,0.499
23.5,0.011,23.5,0.499
23.51,0.011,23.51,0.499
23.5200000000,0.012,23.5200000000,0.499
23.53,0.012,23.53,0.499
23.54,0.012,23.54,0.499
23.55,0.011,23.55,0.499
23.5600000000,0.011,23.5600000000,0.499
23.57,0.011,23.57,0.499
23.58,0.011,23.58,0.499
23.5900000000,0.011,23.5900000000,0.499
23.6,0.012,23.6,0.499
23.61,0.012,23.61,0.499
23.6200000000,0.012,23.6200000000,0.499
23.63,0.012,23.63,0.499
23.64,0.011,23.64,0.499
23.6500000000,0.011,23.6500000000,0.499
23.66,0.011,23.66,0.499
23.67,0.011,23.67,0.499
23.6800000000,0.012,23.6800000000,0.499
23.69,0.012,23.69,0.499
23.7,0.012,23.7,0.499
23.7100000000,0.011,23.7100000000,0.5
23.72,0.011,23.72,0.499
23.73,0.011,23.73,0.499
23.7400000000,0.011,23.7400000000,0.499
23.75,0.011,23.75,0.499
23.76,0.012,23.76,0.499
23.7700000000,0.012,23.7700000000,0.499
23.78,0.011,23.78,0.499
23.79,0.011,23.79,0.499
23.8,0.011,23.8,0.499
23.8100000000,0.011,23.8100000000,0.499
23.82,0.011,23.82,0.499
23.83,0.012,23.83,0.499
23.8400000000,0.012,23.8400000000,0.499
23.85,0.012,23.85,0.499
23.86,0.011,23.86,0.499
23.8700000000,0.011,23.8700000000,0.499
23.88,0.011,23.88,0.499
23.89,0.011,23.89,0.499
23.9000000000,0.011,23.9000000000,0.499
23.91,0.012,23.91,0.499
23.92,0.012,23.92,0.499
23.9300000000,0.011,23.9300000000,0.499
23.94,0.011,23.94,0.499
23.95,0.011,23.95,0.499
23.9600000000,0.011,23.9600000000,0.499
23.97,0.011,23.97,0.499
23.98,0.012,23.98,0.499
23.9900000000,0.012,23.9900000000,0.499
24.,0.011,24.,0.499
24.01,0.011,24.01,0.499
24.0200000000,0.011,24.0200000000,0.499
24.03,0.011,24.03,0.499
24.04,0.011,24.04,0.499
24.05,0.011,24.05,0.499
24.0600000000,0.011,24.0600000000,0.499
24.07,0.011,24.07,0.499
24.08,0.011,24.08,0.499
24.0900000000,0.011,24.0900000000,0.499
24.1,0.011,24.1,0.499
24.11,0.011,24.11,0.499
24.1200000000,0.011,24.1200000000,0.499
24.13,0.011,24.13,0.499
24.14,0.011,24.14,0.499
24.1500000000,0.011,24.1500000000,0.499
24.16,0.011,24.16,0.499
24.17,0.011,24.17,0.499
24.1800000000,0.011,24.1800000000,0.499
24.19,0.011,24.19,0.499
24.2,0.011,24.2,0.499
24.2100000000,0.011,24.2100000000,0.499
24.22,0.011,24.22,0.499
24.23,0.011,24.23,0.499
24.2400000000,0.011,24.2400000000,0.499
24.25,0.011,24.25,0.499
24.26,0.011,24.26,0.499
24.2700000000,0.011,24.2700000000,0.499
24.28,0.011,24.28,0.499
24.29,0.011,24.29,0.499
24.3,0.011,24.3,0.499
24.3100000000,0.011,24.3100000000,0.499
24.32,0.011,24.32,0.499
24.33,0.011,24.33,0.499
24.3400000000,0.011,24.3400000000,0.499
24.35,0.011,24.35,0.499
24.36,0.012,24.36,0.499
24.3700000000,0.012,24.3700000000,0.499
24.38,0.011,24.38,0.5
24.39,0.011,24.39,0.499
24.4000000000,0.011,24.4000000000,0.499
24.41,0.012,24.41,0.499
24.42,0.012,24.42,0.499
24.4300000000,0.012,24.4300000000,0.499
24.44,0.012,24.44,0.499
24.45,0.012,24.45,0.499
24.4600000000,0.011,24.4600000000,0.499
24.47,0.011,24.47,0.499
24.48,0.011,24.48,0.499
24.4900000000,0.012,24.4900000000,0.499
24.5,0.012,24.5,0.499
24.51,0.012,24.51,0.499
24.5200000000,0.012,24.5200000000,0.499
24.53,0.012,24.53,0.499
24.54,0.012,24.54,0.499
24.55,0.011,24.55,0.499
24.5600000000,0.011,24.5600000000,0.499
24.57,0.011,24.57,0.499
24.58,0.011,24.58,0.499
24.5900000000,0.011,24.5900000000,0.499
24.6,0.012,24.6,0.499
24.61,0.012,24.61,0.499
24.6200000000,0.012,24.6200000000,0.499
24.63,0.011,24.63,0.5
24.64,0.011,24.64,0.5
24.6500000000,0.011,24.6500000000,0.499
24.66,0.011,24.66,0.5
24.67,0.012,24.67,0.499
24.6800000000,0.012,24.6800000000,0.499
24.69,0.012,24.69,0.499
24.7,0.011,24.7,0.499
24.7100000000,0.011,24.7100000000,0.499
24.72,0.012,24.72,0.5
24.73,0.012,24.73,0.5
24.7400000000,0.012,24.7400000000,0.5
24.75,0.012,24.75,0.5
24.76,0.012,24.76,0.5
24.7700000000,0.012,24.7700000000,0.5
24.78,0.011,24.78,0.5
24.79,0.011,24.79,0.5
24.8,0.011,24.8,0.5
24.8100000000,0.012,24.8100000000,0.5
24.82,0.012,24.82,0.5
24.83,0.012,24.83,0.5
24.8400000000,0.012,24.8400000000,0.5
24.85,0.012,24.85,0.499
24.86,0.011,24.86,0.5
24.8700000000,0.011,24.8700000000,0.5
24.88,0.011,24.88,0.5
24.89,0.012,24.89,0.5
24.9000000000,0.012,24.9000000000,0.5
24.91,0.012,24.91,0.5
24.92,0.012,24.92,0.5
24.9300000000,0.012,24.9300000000,0.5
24.94,0.011,24.94,0.5
24.95,0.011,24.95,0.5
24.9600000000,0.011,24.9600000000,0.5
24.97,0.012,24.97,0.5
24.98,0.012,24.98,0.5
24.9900000000,0.012,24.9900000000,0.5
25.,0.012,25.,0.5
25.01,0.012,25.01,0.5
25.0200000000,0.011,25.0200000000,0.5
25.03,0.011,25.03,0.5
25.04,0.011,25.04,0.5
25.05,0.012,25.05,0.5
25.0600000000,0.012,25.0600000000,0.5
25.07,0.012,25.07,0.5
25.08,0.012,25.08,0.5
25.0900000000,0.012,25.0900000000,0.5
25.1,0.012,25.1,0.5
25.11,0.011,25.11,0.5
25.1200000000,0.011,25.1200000000,0.499
25.13,0.011,25.13,0.5
25.14,0.011,25.14,0.5
25.1500000000,0.011,25.1500000000,0.5
25.16,0.012,25.16,0.5
25.17,0.012,25.17,0.5
25.1800000000,0.012,25.1800000000,0.5
25.19,0.011,25.19,0.5
25.2,0.011,25.2,0.5
25.2100000000,0.011,25.2100000000,0.499
25.22,0.011,25.22,0.499
25.23,0.011,25.23,0.499
25.2400000000,0.012,25.2400000000,0.5
25.25,0.012,25.25,0.5
25.26,0.012,25.26,0.5
25.2700000000,0.011,25.2700000000,0.5
25.28,0.011,25.28,0.5
25.29,0.011,25.29,0.5
25.3,0.011,25.3,0.5
25.3100000000,0.011,25.3100000000,0.5
25.32,0.011,25.32,0.5
25.33,0.011,25.33,0.499
25.3400000000,0.012,25.3400000000,0.5
25.35,0.012,25.35,0.499
25.36,0.011,25.36,0.5
25.3700000000,0.011,25.3700000000,0.5
25.38,0.011,25.38,0.5
25.39,0.011,25.39,0.5
25.4000000000,0.011,25.4000000000,0.5
25.41,0.011,25.41,0.5
25.42,0.011,25.42,0.5
25.4300000000,0.011,25.4300000000,0.5
25.44,0.011,25.44,0.5
25.45,0.011,25.45,0.5
25.4600000000,0.011,25.4600000000,0.5
25.47,0.011,25.47,0.5
25.48,0.011,25.48,0.5
25.4900000000,0.011,25.4900000000,0.5
25.5,0.011,25.5,0.5
25.51,0.011,25.51,0.499
25.5200000000,0.011,25.5200000000,0.5
25.53,0.011,25.53,0.5
25.54,0.011,25.54,0.5
25.55,0.011,25.55,0.5
25.5600000000,0.011,25.5600000000,0.5
25.57,0.011,25.57,0.5
25.58,0.011,25.58,0.5
25.5900000000,0.011,25.5900000000,0.5
25.6,0.011,25.6,0.5
25.61,0.011,25.61,0.5
25.6200000000,0.011,25.6200000000,0.5
25.63,0.011,25.63,0.5
25.64,0.011,25.64,0.5
25.6500000000,0.011,25.6500000000,0.5
25.66,0.011,25.66,0.5
25.67,0.011,25.67,0.5
25.6800000000,0.011,25.6800000000,0.499
25.69,0.011,25.69,0.5
25.7,0.011,25.7,0.5
25.7100000000,0.011,25.7100000000,0.499
25.72,0.011,25.72,0.5
25.73,0.011,25.73,0.5
25.7400000000,0.011,25.7400000000,0.5
25.75,0.011,25.75,0.5
25.76,0.011,25.76,0.5
25.7700000000,0.011,25.7700000000,0.5
25.78,0.011,25.78,0.5
25.79,0.012,25.79,0.5
25.8,0.011,25.8,0.5
25.8100000000,0.011,25.8100000000,0.5
25.82,0.011,25.82,0.5
25.83,0.011,25.83,0.5
25.8400000000,0.011,25.8400000000,0.5
25.85,0.011,25.85,0.499
25.86,0.012,25.86,0.5
25.8700000000,0.011,25.8700000000,0.5
25.88,0.012,25.88,0.5
25.89,0.012,25.89,0.5
25.9000000000,0.011,25.9000000000,0.5
25.91,0.011,25.91,0.5
25.92,0.011,25.92,0.5
25.9300000000,0.012,25.9300000000,0.5
25.94,0.012,25.94,0.5
25.95,0.012,25.95,0.5
25.9600000000,0.012,25.9600000000,0.5
25.97,0.012,25.97,0.5
25.98,0.012,25.98,0.5
25.9900000000,0.012,25.9900000000,0.5
26.,0.011,26.,0.5
26.01,0.011,26.01,0.5
26.0200000000,0.011,26.0200000000,0.5
26.03,0.011,26.03,0.5
26.04,0.012,26.04,0.499
26.05,0.012,26.05,0.499
26.0600000000,0.012,26.0600000000,0.5
26.07,0.011,26.07,0.5
26.08,0.011,26.08,0.5
26.0900000000,0.011,26.0900000000,0.499
26.1,0.011,26.1,0.499
26.11,0.012,26.11,0.499
26.1200000000,0.012,26.1200000000,0.499
26.13,0.012,26.13,0.499
26.14,0.012,26.14,0.499
26.1500000000,0.011,26.1500000000,0.499
26.16,0.011,26.16,0.499
26.17,0.011,26.17,0.499
26.1800000000,0.011,26.1800000000,0.5
26.19,0.012,26.19,0.499
26.2,0.012,26.2,0.499
26.2100000000,0.012,26.2100000000,0.499
26.22,0.012,26.22,0.499
26.23,0.011,26.23,0.499
26.2400000000,0.011,26.2400000000,0.499
26.25,0.011,26.25,0.499
26.26,0.011,26.26,0.499
26.2700000000,0.011,26.2700000000,0.499
26.28,0.012,26.28,0.499
26.29,0.012,26.29,0.499
26.3,0.012,26.3,0.5
26.3100000000,0.012,26.3100000000,0.499
26.32,0.011,26.32,0.499
26.33,0.011,26.33,0.499
26.3400000000,0.011,26.3400000000,0.499
26.35,0.011,26.35,0.499
26.36,0.011,26.36,0.499
26.3700000000,0.011,26.3700000000,0.499
26.38,0.011,26.38,0.499
26.39,0.012,26.39,0.499
26.4000000000,0.011,26.4000000000,0.499
26.41,0.011,26.41,0.499
26.42,0.011,26.42,0.499
26.4300000000,0.011,26.4300000000,0.499
26.44,0.011,26.44,0.499
26.45,0.011,26.45,0.499
26.4600000000,0.011,26.4600000000,0.499
26.47,0.011,26.47,0.499
26.48,0.012,26.48,0.5
26.4900000000,0.012,26.4900000000,0.499
26.5,0.012,26.5,0.499
26.51,0.011,26.51,0.499
26.5200000000,0.011,26.5200000000,0.5
26.53,0.011,26.53,0.499
26.54,0.011,26.54,0.499
26.55,0.011,26.55,0.5
26.5600000000,0.011,26.5600000000,0.5
26.57,0.012,26.57,0.499
26.58,0.012,26.58,0.499
26.5900000000,0.012,26.5900000000,0.5
26.6,0.011,26.6,0.499
26.61,0.011,26.61,0.499
26.6200000000,0.011,26.6200000000,0.499
26.63,0.012,26.63,0.499
26.64,0.012,26.64,0.499
26.6500000000,0.012,26.6500000000,0.499
26.66,0.012,26.66,0.499
26.67,0.011,26.67,0.499
26.6800000000,0.011,26.6800000000,0.499
26.69,0.011,26.69,0.5
26.7,0.011,26.7,0.499
26.7100000000,0.011,26.7100000000,0.499
26.72,0.012,26.72,0.499
26.73,0.012,26.73,0.499
26.7400000000,0.011,26.7400000000,0.499
26.75,0.011,26.75,0.5
26.76,0.011,26.76,0.5
26.7700000000,0.011,26.7700000000,0.5
26.78,0.012,26.78,0.499
26.79,0.012,26.79,0.499
26.8,0.011,26.8,0.499
26.8100000000,0.011,26.8100000000,0.499
26.82,0.011,26.82,0.5
26.83,0.011,26.83,0.5
26.8400000000,0.011,26.8400000000,0.5
26.85,0.011,26.85,0.5
26.86,0.011,26.86,0.5
26.8700000000,0.011,26.8700000000,0.5
26.88,0.011,26.88,0.5
26.89,0.011,26.89,0.499
26.9000000000,0.012,26.9000000000,0.5
26.91,0.011,26.91,0.5
26.92,0.011,26.92,0.5
26.9300000000,0.011,26.9300000000,0.5
26.94,0.011,26.94,0.5
26.95,0.011,26.95,0.5
26.9600000000,0.012,26.9600000000,0.5
26.97,0.012,26.97,0.5
26.98,0.011,26.98,0.5
26.9900000000,0.011,26.9900000000,0.5
27.,0.012,27.,0.5
27.01,0.011,27.01,0.5
27.0200000000,0.012,27.0200000000,0.5
27.03,0.012,27.03,0.5
27.04,0.011,27.04,0.5
27.05,0.011,27.05,0.5
27.0600000000,0.011,27.0600000000,0.5
27.07,0.011,27.07,0.5
27.08,0.011,27.08,0.5
27.0900000000,0.011,27.0900000000,0.5
27.1,0.011,27.1,0.5
27.11,0.011,27.11,0.5
27.1200000000,0.012,27.1200000000,0.5
27.13,0.012,27.13,0.5
27.14,0.012,27.14,0.5
27.1500000000,0.011,27.1500000000,0.5
27.16,0.011,27.16,0.5
27.17,0.011,27.17,0.5
27.1800000000,0.011,27.1800000000,0.5
27.19,0.011,27.19,0.5
27.2,0.012,27.2,0.5
27.2100000000,0.012,27.2100000000,0.5
27.22,0.012,27.22,0.5
27.23,0.012,27.23,0.5
27.2400000000,0.011,27.2400000000,0.5
27.25,0.011,27.25,0.5
27.26,0.011,27.26,0.5
27.2700000000,0.011,27.2700000000,0.5
27.28,0.012,27.28,0.5
27.29,0.012,27.29,0.5
27.3,0.012,27.3,0.5
27.3100000000,0.012,27.3100000000,0.5
27.32,0.012,27.32,0.5
27.33,0.011,27.33,0.5
27.3400000000,0.011,27.3400000000,0.5
27.35,0.011,27.35,0.5
27.36,0.012,27.36,0.5
27.3700000000,0.012,27.3700000000,0.5
27.38,0.012,27.38,0.5
27.39,0.012,27.39,0.5
27.4000000000,0.012,27.4000000000,0.5
27.41,0.011,27.41,0.5
27.42,0.011,27.42,0.5
27.4300000000,0.011,27.4300000000,0.5
27.44,0.012,27.44,0.5
27.45,0.012,27.45,0.5
27.4600000000,0.012,27.4600000000,0.5
27.47,0.012,27.47,0.5
27.48,0.011,27.48,0.5
27.4900000000,0.011,27.4900000000,0.5
27.5,0.011,27.5,0.5
27.51,0.011,27.51,0.5
27.5200000000,0.012,27.5200000000,0.5
27.53,0.011,27.53,0.5
27.54,0.012,27.54,0.499
27.55,0.011,27.55,0.5
27.5600000000,0.011,27.5600000000,0.5
27.57,0.012,27.57,0.499
27.58,0.012,27.58,0.5
27.5900000000,0.012,27.5900000000,0.5
27.6,0.011,27.6,0.5
27.61,0.011,27.61,0.5
27.6200000000,0.011,27.6200000000,0.499
27.63,0.011,27.63,0.5
27.64,0.011,27.64,0.5
27.6500000000,0.011,27.6500000000,0.5
27.66,0.011,27.66,0.5
27.67,0.011,27.67,0.5
27.6800000000,0.011,27.6800000000,0.5
27.69,0.011,27.69,0.5
27.7,0.011,27.7,0.5
27.7100000000,0.012,27.7100000000,0.5
27.72,0.011,27.72,0.5
27.73,0.011,27.73,0.5
27.7400000000,0.011,27.7400000000,0.5
27.75,0.011,27.75,0.5
27.76,0.012,27.76,0.5
27.7700000000,0.012,27.7700000000,0.5
27.78,0.011,27.78,0.5
27.79,0.011,27.79,0.5
27.8,0.011,27.8,0.5
27.8100000000,0.012,27.8100000000,0.5
27.82,0.011,27.82,0.499
27.83,0.012,27.83,0.5
27.8400000000,0.011,27.8400000000,0.5
27.85,0.011,27.85,0.5
27.86,0.012,27.86,0.5
27.8700000000,0.012,27.8700000000,0.5
27.88,0.012,27.88,0.5
27.89,0.012,27.89,0.5
27.9000000000,0.011,27.9000000000,0.5
27.91,0.011,27.91,0.5
27.92,0.011,27.92,0.5
27.9300000000,0.011,27.9300000000,0.5
27.94,0.011,27.94,0.5
27.95,0.011,27.95,0.5
27.9600000000,0.012,27.9600000000,0.5
27.97,0.012,27.97,0.5
27.98,0.011,27.98,0.5
27.9900000000,0.011,27.9900000000,0.5
28.,0.011,28.,0.499
28.01,0.011,28.01,0.5
28.0200000000,0.012,28.0200000000,0.499
28.03,0.012,28.03,0.5
28.04,0.012,28.04,0.499
28.05,0.012,28.05,0.5
28.0600000000,0.011,28.0600000000,0.499
28.07,0.011,28.07,0.499
28.08,0.011,28.08,0.5
28.0900000000,0.012,28.0900000000,0.499
28.1,0.012,28.1,0.499
28.11,0.012,28.11,0.499
28.1200000000,0.012,28.1200000000,0.499
28.13,0.012,28.13,0.499
28.14,0.011,28.14,0.499
28.1500000000,0.011,28.1500000000,0.499
28.16,0.011,28.16,0.5
28.17,0.012,28.17,0.5
28.1800000000,0.012,28.1800000000,0.5
28.19,0.012,28.19,0.5
28.2,0.012,28.2,0.499
28.2100000000,0.012,28.2100000000,0.5
28.22,0.011,28.22,0.5
28.23,0.011,28.23,0.5
28.2400000000,0.011,28.2400000000,0.5
28.25,0.012,28.25,0.499
28.26,0.012,28.26,0.499
28.2700000000,0.012,28.2700000000,0.499
28.28,0.012,28.28,0.5
28.29,0.012,28.29,0.5
28.3,0.011,28.3,0.5
28.3100000000,0.011,28.3100000000,0.5
28.32,0.011,28.32,0.499
28.33,0.012,28.33,0.5
28.3400000000,0.012,28.3400000000,0.499
28.35,0.012,28.35,0.499
28.36,0.012,28.36,0.499
28.3700000000,0.012,28.3700000000,0.499
28.38,0.012,28.38,0.499
28.39,0.011,28.39,0.499
28.4000000000,0.011,28.4000000000,0.499
28.41,0.011,28.41,0.499
28.42,0.011,28.42,0.499
28.4300000000,0.011,28.4300000000,0.499
28.44,0.012,28.44,0.499
28.45,0.012,28.45,0.499
28.4600000000,0.012,28.4600000000,0.499
28.47,0.011,28.47,0.499
28.48,0.011,28.48,0.499
28.4900000000,0.011,28.4900000000,0.499
28.5,0.011,28.5,0.499
28.51,0.011,28.51,0.499
28.5200000000,0.012,28.5200000000,0.499
28.53,0.012,28.53,0.499
28.54,0.012,28.54,0.499
28.55,0.011,28.55,0.499
28.5600000000,0.011,28.5600000000,0.5
28.57,0.011,28.57,0.499
28.58,0.011,28.58,0.499
28.5900000000,0.011,28.5900000000,0.499
28.6,0.012,28.6,0.499
28.61,0.012,28.61,0.499
28.6200000000,0.012,28.6200000000,0.499
28.63,0.011,28.63,0.499
28.64,0.011,28.64,0.499
28.6500000000,0.011,28.6500000000,0.5
28.66,0.011,28.66,0.499
28.67,0.011,28.67,0.499
28.6800000000,0.012,28.6800000000,0.499
28.69,0.012,28.69,0.499
28.7,0.012,28.7,0.499
28.7100000000,0.012,28.7100000000,0.499
28.72,0.011,28.72,0.499
28.73,0.011,28.73,0.499
28.7400000000,0.011,28.7400000000,0.499
28.75,0.011,28.75,0.499
28.76,0.011,28.76,0.499
28.7700000000,0.011,28.7700000000,0.499
28.78,0.011,28.78,0.499
28.79,0.012,28.79,0.499
28.8,0.011,28.8,0.499
28.8100000000,0.011,28.8100000000,0.499
28.82,0.011,28.82,0.499
28.83,0.011,28.83,0.499
28.8400000000,0.011,28.8400000000,0.499
28.85,0.011,28.85,0.499
28.86,0.011,28.86,0.499
28.8700000000,0.011,28.8700000000,0.499
28.88,0.011,28.88,0.499
28.89,0.012,28.89,0.5
28.9000000000,0.011,28.9000000000,0.499
28.91,0.011,28.91,0.499
28.92,0.011,28.92,0.499
28.9300000000,0.011,28.9300000000,0.499
28.94,0.011,28.94,0.499
28.95,0.012,28.95,0.499
28.9600000000,0.012,28.9600000000,0.499
28.97,0.012,28.97,0.499
28.98,0.012,28.98,0.499
28.9900000000,0.011,28.9900000000,0.499
29.,0.011,29.,0.499
29.01,0.011,29.01,0.499
29.0200000000,0.011,29.0200000000,0.499
29.03,0.012,29.03,0.499
29.04,0.012,29.04,0.499
29.05,0.011,29.05,0.499
29.0600000000,0.011,29.0600000000,0.499
29.07,0.011,29.07,0.5
29.08,0.011,29.08,0.499
29.0900000000,0.011,29.0900000000,0.499
29.1,0.011,29.1,0.499
29.11,0.012,29.11,0.499
29.1200000000,0.011,29.1200000000,0.499
29.13,0.011,29.13,0.499
29.14,0.011,29.14,0.499
29.1500000000,0.011,29.1500000000,0.499
29.16,0.011,29.16,0.499
29.17,0.011,29.17,0.499
29.1800000000,0.011,29.1800000000,0.5
29.19,0.012,29.19,0.499
29.2,0.012,29.2,0.499
29.2100000000,0.012,29.2100000000,0.499
29.22,0.011,29.22,0.499
29.23,0.011,29.23,0.499
29.2400000000,0.011,29.2400000000,0.499
29.25,0.011,29.25,0.499
29.26,0.011,29.26,0.499
29.2700000000,0.012,29.2700000000,0.499
29.28,0.012,29.28,0.499
29.29,0.012,29.29,0.499
29.3,0.011,29.3,0.499
29.3100000000,0.011,29.3100000000,0.499
29.32,0.011,29.32,0.499
29.33,0.011,29.33,0.499
29.3400000000,0.011,29.3400000000,0.499
29.35,0.012,29.35,0.499
29.36,0.012,29.36,0.5
29.3700000000,0.011,29.3700000000,0.499
29.38,0.011,29.38,0.499
29.39,0.011,29.39,0.499
29.4000000000,0.011,29.4000000000,0.5
29.41,0.011,29.41,0.499
29.42,0.011,29.42,0.499
29.4300000000,0.012,29.4300000000,0.499
29.44,0.012,29.44,0.499
29.45,0.012,29.45,0.5
29.4600000000,0.011,29.4600000000,0.499
29.47,0.011,29.47,0.499
29.48,0.011,29.48,0.499
29.4900000000,0.011,29.4900000000,0.499
29.5,0.011,29.5,0.499
29.51,0.011,29.51,0.499
29.5200000000,0.012,29.5200000000,0.499
29.53,0.012,29.53,0.499
29.54,0.011,29.54,0.499
29.55,0.011,29.55,0.499
29.5600000000,0.011,29.5600000000,0.499
29.57,0.011,29.57,0.499
29.58,0.012,29.58,0.499
29.5900000000,0.012,29.5900000000,0.499
29.6,0.011,29.6,0.499
29.61,0.011,29.61,0.5
29.6200000000,0.011,29.6200000000,0.5
29.63,0.011,29.63,0.499
29.64,0.011,29.64,0.5
29.6500000000,0.011,29.6500000000,0.499
29.66,0.011,29.66,0.499
29.67,0.011,29.67,0.499
29.6800000000,0.012,29.6800000000,0.499
29.69,0.012,29.69,0.5
29.7,0.012,29.7,0.5
29.7100000000,0.011,29.7100000000,0.499
29.72,0.011,29.72,0.5
29.73,0.011,29.73,0.5
29.7400000000,0.011,29.7400000000,0.5
29.75,0.011,29.75,0.5
29.76,0.011,29.76,0.5
29.7700000000,0.012,29.7700000000,0.5
29.78,0.012,29.78,0.5
29.79,0.011,29.79,0.5
29.8,0.012,29.8,0.5
29.8100000000,0.011,29.8100000000,0.5
29.82,0.011,29.82,0.5
29.83,0.011,29.83,0.5
29.8400000000,0.011,29.8400000000,0.5
29.85,0.012,29.85,0.5
29.86,0.012,29.86,0.5
29.8700000000,0.012,29.8700000000,0.5
29.88,0.012,29.88,0.5
29.89,0.011,29.89,0.499
29.9000000000,0.011,29.9000000000,0.5
29.91,0.011,29.91,0.5
29.92,0.012,29.92,0.5
29.9300000000,0.011,29.9300000000,0.5
29.94,0.012,29.94,0.5
29.95,0.012,29.95,0.5
29.9600000000,0.012,29.9600000000,0.5
29.97,0.012,29.97,0.5
29.98,0.011,29.98,0.5
29.9900000000,0.011,29.9900000000,0.5
