System Current (A)_x,System Current (A)_y,System Voltage (V)_x,System Voltage (V)_y,3.3V Current (A)_x,3.3V Current (A)_y,5V Current (A)_x,5V Current (A)_y,12V Current (A)_x,12V Current (A)_y
14.6235640049,0.,14.6235640049,15.542,14.6235640049,53.724,14.6235640049,5.372,14.6235640049,5.372
14.6240699291,0.,14.6240699291,15.467,14.6240699291,26.862,14.6240699291,5.372,14.6240699291,10.745
14.6244380474,0.,14.6244380474,15.408,14.6244380474,96.703,14.6244380474,5.372,14.6244380474,8.059
14.6248257160,0.,14.6248257160,15.497,14.6248257160,37.607,14.6248257160,0.,14.6248257160,8.059
14.6627299786,0.,14.6627299786,15.378,14.6627299786,59.096,14.6627299786,5.372,14.6627299786,8.059
14.6632268429,0.,14.6632268429,15.482,14.6632268429,29.548,14.6632268429,5.372,14.6632268429,5.372
14.6635940075,0.,14.6635940075,15.535,14.6635940075,45.665,14.6635940075,5.372,14.6635940075,8.059
14.6639690399,0.,14.6639690399,15.453,14.6639690399,34.921,14.6639690399,5.372,14.6639690399,8.059
14.7033798695,0.,14.7033798695,15.408,14.7033798695,107.448,14.7033798695,5.372,14.7033798695,8.059
14.7038938999,0.,14.7038938999,15.527,14.7038938999,45.665,14.7038938999,8.059,14.7038938999,8.059
14.704267025,0.,14.704267025,15.475,14.704267025,21.49,14.704267025,5.372,14.704267025,8.059
14.7046267986,0.,14.7046267986,15.512,14.7046267986,40.293,14.7046267986,5.372,14.7046267986,8.059
14.7435567379,0.,14.7435567379,15.408,14.7435567379,112.821,14.7435567379,8.059,14.7435567379,8.059
14.7440619469,0.,14.7440619469,15.49,14.7440619469,42.979,14.7440619469,5.372,14.7440619469,8.059
14.7444479465,0.,14.7444479465,15.438,14.7444479465,48.352,14.7444479465,5.372,14.7444479465,8.059
14.7448236942,0.,14.7448236942,15.535,14.7448236942,29.548,14.7448236942,8.059,14.7448236942,8.059
14.7828149796,0.,14.7828149796,15.415,14.7828149796,88.645,14.7828149796,5.372,14.7828149796,8.059
14.7833719254,0.,14.7833719254,15.497,14.7833719254,32.234,14.7833719254,5.372,14.7833719254,8.059
14.7837598324,0.,14.7837598324,15.415,14.7837598324,110.134,14.7837598324,8.059,14.7837598324,8.059
14.7841379642,0.,14.7841379642,15.52,14.7841379642,42.979,14.7841379642,5.372,14.7841379642,8.059
14.8236050606,0.,14.8236050606,15.467,14.8236050606,32.234,14.8236050606,5.372,14.8236050606,5.372
14.8241448402,0.,14.8241448402,15.445,14.8241448402,67.155,14.8241448402,5.372,14.8241448402,5.372
14.8245258331,0.,14.8245258331,15.445,14.8245258331,29.548,14.8245258331,5.372,14.8245258331,5.372
14.8248987198,0.,14.8248987198,15.505,14.8248987198,32.234,14.8248987198,5.372,14.8248987198,8.059
14.8631780148,0.,14.8631780148,15.49,14.8631780148,34.921,14.8631780148,2.686,14.8631780148,8.059
14.8637299538,0.,14.8637299538,15.408,14.8637299538,80.586,14.8637299538,5.372,14.8637299538,8.059
14.8641390800,0.,14.8641390800,15.527,14.8641390800,48.352,14.8641390800,8.059,14.8641390800,8.059
14.8645157814,0.,14.8645157814,15.4,14.8645157814,72.527,14.8645157814,5.372,14.8645157814,5.372
14.9033846855,0.,14.9033846855,15.512,14.9033846855,42.979,14.9033846855,5.372,14.9033846855,8.059
14.9039158821,0.,14.9039158821,15.445,14.9039158821,26.862,14.9039158821,5.372,14.9039158821,10.745
14.9043037891,0.,14.9043037891,15.549,14.9043037891,48.352,14.9043037891,5.372,14.9043037891,16.117
14.9046778679,0.,14.9046778679,15.453,14.9046778679,26.862,14.9046778679,5.372,14.9046778679,5.372
14.9435729980,0.,14.9435729980,15.505,14.9435729980,51.038,14.9435729980,8.059,14.9435729980,5.372
14.9441406727,0.,14.9441406727,15.43,14.9441406727,34.921,14.9441406727,5.372,14.9441406727,5.372
14.9445278645,0.,14.9445278645,15.542,14.9445278645,42.979,14.9445278645,5.372,14.9445278645,8.059
14.9449019432,0.,14.9449019432,15.49,14.9449019432,34.921,14.9449019432,5.372,14.9449019432,5.372
14.9832909107,0.,14.9832909107,15.423,14.9832909107,59.096,14.9832909107,8.059,14.9832909107,2.686
14.9837770462,0.,14.9837770462,15.505,14.9837770462,45.665,14.9837770462,5.372,14.9837770462,8.059
14.9841489792,0.,14.9841489792,15.527,14.9841489792,48.352,14.9841489792,5.372,14.9841489792,5.372
14.9845187664,0.,14.9845187664,15.423,14.9845187664,104.762,14.9845187664,8.059,14.9845187664,5.372
15.0234906673,0.,15.0234906673,15.542,15.0234906673,110.134,15.0234906673,5.372,15.0234906673,8.059
15.0240199566,0.,15.0240199566,15.467,15.0240199566,37.607,15.0240199566,5.372,15.0240199566,8.059
15.0244028568,0.,15.0244028568,15.43,15.0244028568,34.921,15.0244028568,10.745,15.0244028568,8.059
15.0248000622,0.,15.0248000622,15.564,15.0248000622,128.938,15.0248000622,0.,15.0248000622,5.372
15.0635857582,0.,15.0635857582,15.43,15.0635857582,34.921,15.0635857582,5.372,15.0635857582,8.059
15.0641198158,0.,15.0641198158,15.371,15.0641198158,110.134,15.0641198158,5.372,15.0641198158,8.059
15.0645020008,0.,15.0645020008,15.527,15.0645020008,51.038,15.0645020008,5.372,15.0645020008,8.059
15.0648787022,0.,15.0648787022,15.482,15.0648787022,34.921,15.0648787022,5.372,15.0648787022,13.431
15.1034319401,0.,15.1034319401,15.46,15.1034319401,29.548,15.1034319401,5.372,15.1034319401,8.059
15.1039578915,0.,15.1039578915,15.408,15.1039578915,48.352,15.1039578915,5.372,15.1039578915,10.745
15.1043398380,0.,15.1043398380,15.527,15.1043398380,45.665,15.1043398380,5.372,15.1043398380,8.059
15.1047148705,0.,15.1047148705,15.438,15.1047148705,34.921,15.1047148705,8.059,15.1047148705,10.745
15.1435897350,0.,15.1435897350,15.393,15.1435897350,85.958,15.1435897350,5.372,15.1435897350,8.059
15.1441197395,0.,15.1441197395,15.505,15.1441197395,42.979,15.1441197395,5.372,15.1441197395,5.372
15.1445031166,0.,15.1445031166,15.43,15.1445031166,42.979,15.1445031166,2.686,15.1445031166,8.059
15.1448898315,0.,15.1448898315,15.52,15.1448898315,32.234,15.1448898315,5.372,15.1448898315,8.059
15.1832268238,0.,15.1832268238,15.438,15.1832268238,42.979,15.1832268238,5.372,15.1832268238,8.059
15.1837079525,0.,15.1837079525,15.564,15.1837079525,126.252,15.1837079525,5.372,15.1837079525,5.372
15.1841528416,0.,15.1841528416,15.535,15.1841528416,48.352,15.1841528416,5.372,15.1841528416,2.686
15.1845450401,0.,15.1845450401,15.467,15.1845450401,34.921,15.1845450401,5.372,15.1845450401,5.372
15.2235200405,0.,15.2235200405,15.423,15.2235200405,32.234,15.2235200405,5.372,15.2235200405,5.372
15.2240998745,0.,15.2240998745,15.557,15.2240998745,88.645,15.2240998745,5.372,15.2240998745,5.372
15.2244837284,0.,15.2244837284,15.497,15.2244837284,56.41,15.2244837284,5.372,15.2244837284,8.059
15.2248888016,0.,15.2248888016,15.46,15.2248888016,37.607,15.2248888016,5.372,15.2248888016,5.372
15.2625820637,0.,15.2625820637,15.43,15.2625820637,29.548,15.2625820637,5.372,15.2625820637,8.059
15.2631158829,0.,15.2631158829,15.512,15.2631158829,53.724,15.2631158829,5.372,15.2631158829,5.372
15.2634999752,0.,15.2634999752,15.505,15.2634999752,45.665,15.2634999752,8.059,15.2634999752,5.372
15.2638919353,0.,15.2638919353,15.49,15.2638919353,37.607,15.2638919353,5.372,15.2638919353,5.372
15.3033699989,0.,15.3033699989,15.423,15.3033699989,34.921,15.3033699989,5.372,15.3033699989,8.059
15.3038709164,0.,15.3038709164,15.423,15.3038709164,34.921,15.3038709164,5.372,15.3038709164,5.372
15.3042428493,0.,15.3042428493,15.557,15.3042428493,120.879,15.3042428493,5.372,15.3042428493,8.059
15.3045990467,0.,15.3045990467,15.49,15.3045990467,59.096,15.3045990467,5.372,15.3045990467,8.059
15.343613863,0.,15.343613863,15.453,15.343613863,37.607,15.343613863,8.059,15.343613863,5.372
15.3441448212,0.,15.3441448212,15.438,15.3441448212,32.234,15.3441448212,5.372,15.3441448212,8.059
15.3445038795,0.,15.3445038795,15.43,15.3445038795,24.176,15.3445038795,5.372,15.3445038795,5.372
15.3448567390,0.,15.3448567390,15.423,15.3448567390,42.979,15.3448567390,5.372,15.3448567390,5.372
15.383235693,0.,15.383235693,15.393,15.383235693,80.586,15.383235693,5.372,15.383235693,8.059
15.3837189674,0.,15.3837189674,15.542,15.3837189674,56.41,15.3837189674,5.372,15.3837189674,8.059
15.3840787411,0.,15.3840787411,15.445,15.3840787411,42.979,15.3840787411,8.059,15.3840787411,5.372
15.3844208717,0.,15.3844208717,15.385,15.3844208717,85.958,15.3844208717,0.,15.3844208717,5.372
15.4230899811,0.,15.4230899811,15.542,15.4230899811,42.979,15.4230899811,8.059,15.4230899811,5.372
15.4235620499,0.,15.4235620499,15.497,15.4235620499,53.724,15.4235620499,5.372,15.4235620499,8.059
15.4239327908,0.,15.4239327908,15.415,15.4239327908,32.234,15.4239327908,5.372,15.4239327908,5.372
15.4242796898,0.,15.4242796898,15.363,15.4242796898,88.645,15.4242796898,5.372,15.4242796898,8.059
15.4634938240,0.,15.4634938240,15.527,15.4634938240,45.665,15.4634938240,5.372,15.4634938240,10.745
15.4640347958,0.,15.4640347958,15.475,15.4640347958,56.41,15.4640347958,8.059,15.4640347958,5.372
15.4644260406,0.,15.4644260406,15.415,15.4644260406,32.234,15.4644260406,5.372,15.4644260406,5.372
15.4648127556,0.,15.4648127556,15.4,15.4648127556,67.155,15.4648127556,5.372,15.4648127556,8.059
15.5033428669,0.,15.5033428669,15.482,15.5033428669,34.921,15.5033428669,5.372,15.5033428669,5.372
15.5038349628,0.,15.5038349628,15.423,15.5038349628,32.234,15.5038349628,5.372,15.5038349628,5.372
15.5042150021,0.,15.5042150021,15.52,15.5042150021,56.41,15.5042150021,5.372,15.5042150021,8.059
15.5045907497,0.,15.5045907497,15.557,15.5045907497,53.724,15.5045907497,5.372,15.5045907497,8.059
15.5429770947,0.,15.5429770947,15.505,15.5429770947,37.607,15.5429770947,5.372,15.5429770947,8.059
15.5434818268,0.,15.5434818268,15.423,15.5434818268,32.234,15.5434818268,8.059,15.5434818268,8.059
15.5438909531,0.,15.5438909531,15.557,15.5438909531,42.979,15.5438909531,5.372,15.5438909531,5.372
15.5442669392,0.,15.5442669392,15.482,15.5442669392,42.979,15.5442669392,2.686,15.5442669392,8.059
15.5827999115,0.,15.5827999115,15.527,15.5827999115,42.979,15.5827999115,5.372,15.5827999115,5.372
15.5832798481,0.,15.5832798481,15.482,15.5832798481,34.921,15.5832798481,5.372,15.5832798481,8.059
15.5836348534,0.,15.5836348534,15.408,15.5836348534,126.252,15.5836348534,5.372,15.5836348534,5.372
15.5840137005,0.,15.5840137005,15.527,15.5840137005,42.979,15.5840137005,5.372,15.5840137005,8.059
15.6235878468,0.,15.6235878468,15.46,15.6235878468,26.862,15.6235878468,5.372,15.6235878468,5.372
15.6240777969,0.,15.6240777969,15.423,15.6240777969,85.958,15.6240777969,2.686,15.6240777969,8.059
15.6244397163,0.,15.6244397163,15.512,15.6244397163,45.665,15.6244397163,5.372,15.6244397163,5.372
15.6247949600,0.,15.6247949600,15.363,15.6247949600,99.39,15.6247949600,5.372,15.6247949600,5.372
15.6636397839,0.,15.6636397839,15.49,15.6636397839,34.921,15.6636397839,5.372,15.6636397839,8.059
15.6641318798,0.,15.6641318798,15.415,15.6641318798,96.703,15.6641318798,5.372,15.6641318798,8.059
15.6644899845,0.,15.6644899845,15.527,15.6644899845,42.979,15.6644899845,5.372,15.6644899845,8.059
15.6648468971,0.,15.6648468971,15.549,15.6648468971,64.469,15.6648468971,5.372,15.6648468971,5.372
15.7034058571,0.,15.7034058571,15.482,15.7034058571,24.176,15.7034058571,5.372,15.7034058571,5.372
15.7038908005,0.,15.7038908005,15.438,15.7038908005,32.234,15.7038908005,5.372,15.7038908005,5.372
15.7042489052,0.,15.7042489052,15.549,15.7042489052,37.607,15.7042489052,5.372,15.7042489052,8.059
15.7046039104,0.,15.7046039104,15.467,15.7046039104,21.49,15.7046039104,5.372,15.7046039104,8.059
15.7436077595,0.,15.7436077595,15.497,15.7436077595,51.038,15.7436077595,5.372,15.7436077595,8.059
15.7441537380,0.,15.7441537380,15.43,15.7441537380,61.783,15.7441537380,5.372,15.7441537380,8.059
15.7445178032,0.,15.7445178032,15.535,15.7445178032,45.665,15.7445178032,5.372,15.7445178032,8.059
15.7448849678,0.,15.7448849678,15.408,15.7448849678,110.134,15.7448849678,0.,15.7448849678,10.745
15.7833499908,0.,15.7833499908,15.482,15.7833499908,26.862,15.7833499908,5.372,15.7833499908,5.372
15.7838928699,0.,15.7838928699,15.475,15.7838928699,37.607,15.7838928699,5.372,15.7838928699,8.059
15.7842957973,0.,15.7842957973,15.423,15.7842957973,37.607,15.7842957973,5.372,15.7842957973,8.059
15.7846839428,0.,15.7846839428,15.385,15.7846839428,37.607,15.7846839428,5.372,15.7846839428,8.059
15.8241798878,0.,15.8241798878,15.482,15.8241798878,34.921,15.8241798878,2.686,15.8241798878,8.059
15.8246569633,0.,15.8246569633,15.408,15.8246569633,131.624,15.8246569633,5.372,15.8246569633,8.059
15.8249909878,0.,15.8249909878,15.535,15.8249909878,34.921,15.8249909878,5.372,15.8249909878,5.372
15.8253188133,0.,15.8253188133,15.385,15.8253188133,42.979,15.8253188133,5.372,15.8253188133,8.059
15.8634779453,0.,15.8634779453,15.527,15.8634779453,45.665,15.8634779453,5.372,15.8634779453,8.059
15.8640489578,0.,15.8640489578,15.453,15.8640489578,42.979,15.8640489578,8.059,15.8640489578,8.059
15.8644087315,0.,15.8644087315,15.4,15.8644087315,99.39,15.8644087315,5.372,15.8644087315,8.059
15.8647608757,0.,15.8647608757,15.505,15.8647608757,40.293,15.8647608757,5.372,15.8647608757,5.372
15.9036159515,0.,15.9036159515,15.557,15.9036159515,51.038,15.9036159515,5.372,15.9036159515,5.372
15.9041118622,0.,15.9041118622,15.497,15.9041118622,32.234,15.9041118622,8.059,15.9041118622,8.059
15.9044859409,0.,15.9044859409,15.4,15.9044859409,96.703,15.9044859409,8.059,15.9044859409,8.059
15.9048588276,0.,15.9048588276,15.505,15.9048588276,21.49,15.9048588276,5.372,15.9048588276,5.372
15.9431879520,0.,15.9431879520,15.408,15.9431879520,96.703,15.9431879520,5.372,15.9431879520,5.372
15.9437119961,0.,15.9437119961,15.467,15.9437119961,21.49,15.9437119961,8.059,15.9437119961,5.372
15.9440908432,0.,15.9440908432,15.423,15.9440908432,94.017,15.9440908432,5.372,15.9440908432,8.059
15.9444499016,0.,15.9444499016,15.542,15.9444499016,42.979,15.9444499016,5.372,15.9444499016,8.059
15.9828059673,0.,15.9828059673,15.467,15.9828059673,37.607,15.9828059673,5.372,15.9828059673,5.372
15.9833068848,0.,15.9833068848,15.438,15.9833068848,56.41,15.9833068848,5.372,15.9833068848,8.059
15.983673811,0.,15.983673811,15.423,15.983673811,99.39,15.983673811,5.372,15.983673811,8.059
15.984099865,0.,15.984099865,15.453,15.984099865,32.234,15.984099865,5.372,15.984099865,5.372
16.0233619213,0.,16.0233619213,15.423,16.0233619213,32.234,16.0233619213,5.372,16.0233619213,5.372
16.0238788128,0.,16.0238788128,15.549,16.0238788128,59.096,16.0238788128,2.686,16.0238788128,5.372
16.0242707729,0.,16.0242707729,15.49,16.0242707729,37.607,16.0242707729,5.372,16.0242707729,8.059
16.0246510506,0.,16.0246510506,15.467,16.0246510506,42.979,16.0246510506,5.372,16.0246510506,5.372
16.0636496544,0.,16.0636496544,15.467,16.0636496544,34.921,16.0636496544,5.372,16.0636496544,5.372
16.0642979145,0.,16.0642979145,15.542,16.0642979145,61.783,16.0642979145,5.372,16.0642979145,8.059
16.0646951199,0.,16.0646951199,15.482,16.0646951199,40.293,16.0646951199,8.059,16.0646951199,8.059
16.1033620834,0.,16.1033620834,15.438,16.1033620834,32.234,16.1033620834,5.372,16.1033620834,13.431
16.1039569378,0.,16.1039569378,15.549,16.1039569378,88.645,16.1039569378,8.059,16.1039569378,8.059
16.1043338776,0.,16.1043338776,15.542,16.1043338776,75.214,16.1043338776,5.372,16.1043338776,8.059
16.1435668468,0.,16.1435668468,15.505,16.1435668468,48.352,16.1435668468,5.372,16.1435668468,5.372
16.1440949440,0.,16.1440949440,15.415,16.1440949440,40.293,16.1440949440,5.372,16.1440949440,5.372
16.1444737911,0.,16.1444737911,15.4,16.1444737911,64.469,16.1444737911,8.059,16.1444737911,8.059
16.1448578835,0.,16.1448578835,15.527,16.1448578835,51.038,16.1448578835,5.372,16.1448578835,8.059
16.1833097935,0.,16.1833097935,15.445,16.1833097935,26.862,16.1833097935,5.372,16.1833097935,5.372
16.1837997437,0.,16.1837997437,15.564,16.1837997437,94.017,16.1837997437,8.059,16.1837997437,5.372
16.1842570305,0.,16.1842570305,15.46,16.1842570305,32.234,16.1842570305,5.372,16.1842570305,10.745
16.2236127853,0.,16.2236127853,15.423,16.2236127853,34.921,16.2236127853,5.372,16.2236127853,5.372
16.2241618633,0.,16.2241618633,15.542,16.2241618633,77.9,16.2241618633,8.059,16.2241618633,8.059
16.2245628834,0.,16.2245628834,15.475,16.2245628834,53.724,16.2245628834,5.372,16.2245628834,5.372
16.2637996674,0.,16.2637996674,15.527,16.2637996674,59.096,16.2637996674,5.372,16.2637996674,8.059
16.2642798424,0.,16.2642798424,15.475,16.2642798424,40.293,16.2642798424,5.372,16.2642798424,2.686
16.2646579742,0.,16.2646579742,15.438,16.2646579742,42.979,16.2646579742,5.372,16.2646579742,8.059
16.3033196926,0.,16.3033196926,15.505,16.3033196926,104.762,16.3033196926,5.372,16.3033196926,10.745
16.3038117886,0.,16.3038117886,15.52,16.3038117886,42.979,16.3038117886,5.372,16.3038117886,5.372
16.3042018414,0.,16.3042018414,15.49,16.3042018414,42.979,16.3042018414,5.372,16.3042018414,8.059
16.3045678139,0.,16.3045678139,15.423,16.3045678139,32.234,16.3045678139,5.372,16.3045678139,8.059
16.3436119556,0.,16.3436119556,15.363,16.3436119556,96.703,16.3436119556,5.372,16.3436119556,5.372
16.3442077637,0.,16.3442077637,15.542,16.3442077637,37.607,16.3442077637,5.372,16.3442077637,5.372
16.3446049690,0.,16.3446049690,15.49,16.3446049690,48.352,16.3446049690,5.372,16.3446049690,5.372
16.3449978828,0.,16.3449978828,15.453,16.3449978828,45.665,16.3449978828,5.372,16.3449978828,8.059
16.3831911087,0.,16.3831911087,15.46,16.3831911087,42.979,16.3831911087,5.372,16.3831911087,5.372
16.3837668896,0.,16.3837668896,15.475,16.3837668896,45.665,16.3837668896,5.372,16.3837668896,8.059
16.3841626644,0.,16.3841626644,15.408,16.3841626644,45.665,16.3841626644,5.372,16.3841626644,8.059
16.3845419884,0.,16.3845419884,15.564,16.3845419884,69.841,16.3845419884,5.372,16.3845419884,5.372
16.434252739,0.,16.434252739,15.438,16.434252739,32.234,16.434252739,5.372,16.434252739,8.059
16.4348218441,0.,16.4348218441,15.393,16.4348218441,56.41,16.4348218441,5.372,16.4348218441,8.059
16.4352347851,0.,16.4352347851,15.542,16.4352347851,118.193,16.4352347851,5.372,16.4352347851,10.745
16.4635200500,0.,16.4635200500,15.512,16.4635200500,42.979,16.4635200500,5.372,16.4635200500,8.059
16.4640457630,0.,16.4640457630,15.46,16.4640457630,42.979,16.4640457630,5.372,16.4640457630,8.059
16.4644439220,0.,16.4644439220,15.438,16.4644439220,48.352,16.4644439220,2.686,16.4644439220,5.372
16.4648168087,0.,16.4648168087,15.423,16.4648168087,40.293,16.4648168087,5.372,16.4648168087,8.059
16.4651868343,0.,16.4651868343,15.535,16.4651868343,53.724,16.4651868343,5.372,16.4651868343,8.059
16.5034308434,0.,16.5034308434,15.512,16.5034308434,48.352,16.5034308434,5.372,16.5034308434,2.686
16.5039989948,0.,16.5039989948,15.505,16.5039989948,45.665,16.5039989948,5.372,16.5039989948,8.059
16.5044088364,0.,16.5044088364,15.408,16.5044088364,96.703,16.5044088364,5.372,16.5044088364,8.059
16.5047969818,0.,16.5047969818,15.512,16.5047969818,26.862,16.5047969818,5.372,16.5047969818,8.059
16.5436029434,0.,16.5436029434,15.415,16.5436029434,45.665,16.5436029434,5.372,16.5436029434,5.372
16.544110775,0.,16.544110775,15.505,16.544110775,42.979,16.544110775,5.372,16.544110775,5.372
16.544479847,0.,16.544479847,15.475,16.544479847,32.234,16.544479847,5.372,16.544479847,8.059
16.5448398590,0.,16.5448398590,15.438,16.5448398590,34.921,16.5448398590,5.372,16.5448398590,5.372
16.5832667351,0.,16.5832667351,15.415,16.5832667351,72.527,16.5832667351,5.372,16.5832667351,2.686
16.5838017464,0.,16.5838017464,15.467,16.5838017464,24.176,16.5838017464,5.372,16.5838017464,5.372
16.5842139721,0.,16.5842139721,15.423,16.5842139721,21.49,16.5842139721,5.372,16.5842139721,0.
16.5845928192,0.,16.5845928192,15.505,16.5845928192,42.979,16.5845928192,5.372,16.5845928192,8.059
16.6234927177,0.,16.6234927177,15.453,16.6234927177,26.862,16.6234927177,5.372,16.6234927177,8.059
16.6240668297,0.,16.6240668297,15.497,16.6240668297,32.234,16.6240668297,5.372,16.6240668297,8.059
16.6244170666,0.,16.6244170666,15.453,16.6244170666,32.234,16.6244170666,5.372,16.6244170666,8.059
16.6636478901,0.,16.6636478901,15.527,16.6636478901,45.665,16.6636478901,5.372,16.6636478901,5.372
16.6641657352,0.,16.6641657352,15.423,16.6641657352,37.607,16.6641657352,5.372,16.6641657352,8.059
16.6645228863,0.,16.6645228863,15.505,16.6645228863,45.665,16.6645228863,5.372,16.6645228863,8.059
16.6648778915,0.,16.6648778915,15.423,16.6648778915,85.958,16.6648778915,5.372,16.6648778915,8.059
16.7027378082,0.,16.7027378082,15.453,16.7027378082,29.548,16.7027378082,5.372,16.7027378082,8.059
16.7032458782,0.,16.7032458782,15.408,16.7032458782,110.134,16.7032458782,5.372,16.7032458782,8.059
16.703609705,0.,16.703609705,15.52,16.703609705,45.665,16.703609705,5.372,16.703609705,5.372
16.7039690018,0.,16.7039690018,15.438,16.7039690018,34.921,16.7039690018,5.372,16.7039690018,5.372
16.7435808182,0.,16.7435808182,15.564,16.7435808182,48.352,16.7435808182,5.372,16.7435808182,8.059
16.7441289425,0.,16.7441289425,15.423,16.7441289425,56.41,16.7441289425,8.059,16.7441289425,8.059
16.7444937229,0.,16.7444937229,15.356,16.7444937229,48.352,16.7444937229,5.372,16.7444937229,5.372
16.7448508739,0.,16.7448508739,15.505,16.7448508739,32.234,16.7448508739,5.372,16.7448508739,8.059
16.7827718258,0.,16.7827718258,15.415,16.7827718258,118.193,16.7827718258,5.372,16.7827718258,8.059
16.7832288742,0.,16.7832288742,15.497,16.7832288742,32.234,16.7832288742,2.686,16.7832288742,8.059
16.7835657597,0.,16.7835657597,15.512,16.7835657597,34.921,16.7835657597,5.372,16.7835657597,8.059
16.7839570045,0.,16.7839570045,15.445,16.7839570045,32.234,16.7839570045,5.372,16.7839570045,5.372
16.8227567673,0.,16.8227567673,15.564,16.8227567673,42.979,16.8227567673,5.372,16.8227567673,5.372
16.8232619762,0.,16.8232619762,15.505,16.8232619762,45.665,16.8232619762,5.372,16.8232619762,8.059
16.8236379623,0.,16.8236379623,15.467,16.8236379623,26.862,16.8236379623,8.059,16.8236379623,8.059
16.8239967823,0.,16.8239967823,15.505,16.8239967823,42.979,16.8239967823,8.059,16.8239967823,8.059
16.8634288311,0.,16.8634288311,15.438,16.8634288311,34.921,16.8634288311,5.372,16.8634288311,8.059
16.8639187813,0.,16.8639187813,15.408,16.8639187813,88.645,16.8639187813,8.059,16.8639187813,8.059
16.8642828465,0.,16.8642828465,15.527,16.8642828465,42.979,16.8642828465,5.372,16.8642828465,5.372
16.8646419048,0.,16.8646419048,15.482,16.8646419048,32.234,16.8646419048,5.372,16.8646419048,10.745
16.9030468464,0.,16.9030468464,15.475,16.9030468464,32.234,16.9030468464,5.372,16.9030468464,10.745
16.9035687447,0.,16.9035687447,15.482,16.9035687447,29.548,16.9035687447,5.372,16.9035687447,8.059
16.9039480686,0.,16.9039480686,15.415,16.9039480686,53.724,16.9039480686,5.372,16.9039480686,8.059
16.9043037891,0.,16.9043037891,15.52,16.9043037891,32.234,16.9043037891,5.372,16.9043037891,8.059
16.9435639381,0.,16.9435639381,15.445,16.9435639381,29.548,16.9435639381,5.372,16.9435639381,8.059
16.9441008568,0.,16.9441008568,15.415,16.9441008568,91.331,16.9441008568,5.372,16.9441008568,5.372
16.9445047379,0.,16.9445047379,15.475,16.9445047379,21.49,16.9445047379,5.372,16.9445047379,5.372
16.9448950291,0.,16.9448950291,15.408,16.9448950291,64.469,16.9448950291,10.745,16.9448950291,5.372
16.9832959175,0.,16.9832959175,15.549,16.9832959175,32.234,16.9832959175,5.372,16.9832959175,5.372
16.9837729931,0.,16.9837729931,15.497,16.9837729931,40.293,16.9837729931,8.059,16.9837729931,5.372
16.9841609001,0.,16.9841609001,15.482,16.9841609001,29.548,16.9841609001,5.372,16.9841609001,5.372
17.0234999657,0.,17.0234999657,15.527,17.0234999657,72.527,17.0234999657,8.059,17.0234999657,5.372
17.0239748955,0.,17.0239748955,15.527,17.0239748955,37.607,17.0239748955,8.059,17.0239748955,8.059
17.0243279934,0.,17.0243279934,15.445,17.0243279934,51.038,17.0243279934,5.372,17.0243279934,5.372
17.0246908665,0.,17.0246908665,15.415,17.0246908665,34.921,17.0246908665,5.372,17.0246908665,8.059
17.0634617805,0.,17.0634617805,15.52,17.0634617805,56.41,17.0634617805,5.372,17.0634617805,5.372
17.0640168190,0.,17.0640168190,15.497,17.0640168190,56.41,17.0640168190,5.372,17.0640168190,8.059
17.0643899441,0.,17.0643899441,15.423,17.0643899441,34.921,17.0643899441,5.372,17.0643899441,5.372
17.0647497177,0.,17.0647497177,15.415,17.0647497177,40.293,17.0647497177,8.059,17.0647497177,10.745
17.1033918858,0.,17.1033918858,15.46,17.1033918858,91.331,17.1033918858,5.372,17.1033918858,8.059
17.1038899422,0.,17.1038899422,15.542,17.1038899422,67.155,17.1038899422,5.372,17.1038899422,5.372
17.1434328556,0.,17.1434328556,15.482,17.1434328556,51.038,17.1434328556,8.059,17.1434328556,8.059
17.1439790726,0.,17.1439790726,15.49,17.1439790726,42.979,17.1439790726,5.372,17.1439790726,8.059
17.1443529129,0.,17.1443529129,15.497,17.1443529129,42.979,17.1443529129,5.372,17.1443529129,5.372
17.1447150707,0.,17.1447150707,15.467,17.1447150707,51.038,17.1447150707,5.372,17.1447150707,8.059
17.1827898026,0.,17.1827898026,15.415,17.1827898026,45.665,17.1827898026,5.372,17.1827898026,5.372
17.1833038330,0.,17.1833038330,15.564,17.1833038330,128.938,17.1833038330,5.372,17.1833038330,8.059
17.1836700439,0.,17.1836700439,15.497,17.1836700439,42.979,17.1836700439,5.372,17.1836700439,8.059
17.1840379238,0.,17.1840379238,15.512,17.1840379238,85.958,17.1840379238,5.372,17.1840379238,5.372
17.2236437798,0.,17.2236437798,15.512,17.2236437798,42.979,17.2236437798,5.372,17.2236437798,8.059
17.2242529392,0.,17.2242529392,15.512,17.2242529392,42.979,17.2242529392,8.059,17.2242529392,5.372
17.2246508598,0.,17.2246508598,15.438,17.2246508598,42.979,17.2246508598,5.372,17.2246508598,8.059
17.2636117935,0.,17.2636117935,15.415,17.2636117935,42.979,17.2636117935,8.059,17.2636117935,8.059
17.2641370296,0.,17.2641370296,15.393,17.2641370296,118.193,17.2641370296,5.372,17.2641370296,8.059
17.264592886,0.,17.264592886,15.423,17.264592886,42.979,17.264592886,5.372,17.264592886,5.372
17.3033478260,0.,17.3033478260,15.356,17.3033478260,118.193,17.3033478260,5.372,17.3033478260,5.372
17.3038847446,0.,17.3038847446,15.535,17.3038847446,88.645,17.3038847446,5.372,17.3038847446,10.745
17.304265976,0.,17.304265976,15.482,17.304265976,45.665,17.304265976,8.059,17.304265976,8.059
17.3046300411,0.,17.3046300411,15.46,17.3046300411,29.548,17.3046300411,5.372,17.3046300411,5.372
17.3435347080,0.,17.3435347080,15.408,17.3435347080,42.979,17.3435347080,5.372,17.3435347080,8.059
17.3441779613,0.,17.3441779613,15.542,17.3441779613,94.017,17.3441779613,5.372,17.3441779613,8.059
17.3445529938,0.,17.3445529938,15.482,17.3445529938,42.979,17.3445529938,5.372,17.3445529938,5.372
17.3833048344,0.,17.3833048344,15.467,17.3833048344,34.921,17.3833048344,5.372,17.3833048344,8.059
17.3837869167,0.,17.3837869167,15.445,17.3837869167,29.548,17.3837869167,8.059,17.3837869167,5.372
17.3841626644,0.,17.3841626644,15.4,17.3841626644,67.155,17.3841626644,5.372,17.3841626644,8.059
17.3845279217,0.,17.3845279217,15.363,17.3845279217,85.958,17.3845279217,8.059,17.3845279217,8.059
17.4236078262,0.,17.4236078262,15.467,17.4236078262,37.607,17.4236078262,5.372,17.4236078262,5.372
17.4240660667,0.,17.4240660667,15.453,17.4240660667,37.607,17.4240660667,5.372,17.4240660667,8.059
17.4244427681,0.,17.4244427681,15.423,17.4244427681,34.921,17.4244427681,5.372,17.4244427681,5.372
17.4629960060,0.,17.4629960060,15.393,17.4629960060,128.938,17.4629960060,5.372,17.4629960060,5.372
17.4635138512,0.,17.4635138512,15.549,17.4635138512,102.076,17.4635138512,8.059,17.4635138512,5.372
17.5034809113,0.,17.5034809113,15.438,17.5034809113,40.293,17.5034809113,5.372,17.5034809113,5.372
17.5039548874,0.,17.5039548874,15.527,17.5039548874,48.352,17.5039548874,5.372,17.5039548874,5.372
17.5043668747,0.,17.5043668747,15.467,17.5043668747,21.49,17.5043668747,5.372,17.5043668747,8.059
17.5429739952,0.,17.5429739952,15.363,17.5429739952,59.096,17.5429739952,0.,17.5429739952,5.372
17.5435109138,0.,17.5435109138,15.482,17.5435109138,34.921,17.5435109138,8.059,17.5435109138,10.745
17.5439407825,0.,17.5439407825,15.423,17.5439407825,69.841,17.5439407825,5.372,17.5439407825,8.059
17.5443398952,0.,17.5443398952,15.385,17.5443398952,128.938,17.5443398952,5.372,17.5443398952,8.059
17.5827908516,0.,17.5827908516,15.52,17.5827908516,45.665,17.5827908516,2.686,17.5827908516,8.059
17.5833117962,0.,17.5833117962,15.415,17.5833117962,88.645,17.5833117962,5.372,17.5833117962,5.372
17.5836880207,0.,17.5836880207,15.475,17.5836880207,37.607,17.5836880207,5.372,17.5836880207,8.059
17.5841228962,0.,17.5841228962,15.363,17.5841228962,94.017,17.5841228962,8.059,17.5841228962,8.059
17.6242759228,0.,17.6242759228,15.542,17.6242759228,34.921,17.6242759228,5.372,17.6242759228,10.745
17.6249039173,0.,17.6249039173,15.475,17.6249039173,26.862,17.6249039173,5.372,17.6249039173,5.372
17.6252608299,0.,17.6252608299,15.527,17.6252608299,45.665,17.6252608299,0.,17.6252608299,5.372
17.6632599831,0.,17.6632599831,15.482,17.6632599831,24.176,17.6632599831,5.372,17.6632599831,5.372
17.6637959480,0.,17.6637959480,15.467,17.6637959480,29.548,17.6637959480,5.372,17.6637959480,5.372
17.6641600132,0.,17.6641600132,15.49,17.6641600132,40.293,17.6641600132,5.372,17.6641600132,5.372
17.6645128727,0.,17.6645128727,15.557,17.6645128727,48.352,17.6645128727,5.372,17.6645128727,5.372
17.7101099491,0.,17.7101099491,15.408,17.7101099491,96.703,17.7101099491,8.059,17.7101099491,8.059
17.7106637955,0.,17.7106637955,15.527,17.7106637955,56.41,17.7106637955,5.372,17.7106637955,5.372
17.7110428810,0.,17.7110428810,15.408,17.7110428810,107.448,17.7110428810,5.372,17.7110428810,5.372
17.7113947868,0.,17.7113947868,15.505,17.7113947868,32.234,17.7113947868,5.372,17.7113947868,5.372
17.7117350101,0.,17.7117350101,15.43,17.7117350101,26.862,17.7117350101,5.372,17.7117350101,8.059
17.7435059547,0.,17.7435059547,15.512,17.7435059547,42.979,17.7435059547,5.372,17.7435059547,5.372
17.7440409660,0.,17.7440409660,15.385,17.7440409660,51.038,17.7440409660,5.372,17.7440409660,8.059
17.7444088459,0.,17.7444088459,15.482,17.7444088459,29.548,17.7444088459,5.372,17.7444088459,8.059
17.7827768326,0.,17.7827768326,15.393,17.7827768326,118.193,17.7827768326,5.372,17.7827768326,8.059
17.7832987309,0.,17.7832987309,15.482,17.7832987309,42.979,17.7832987309,5.372,17.7832987309,8.059
17.78368783,0.,17.78368783,15.415,17.78368783,112.821,17.78368783,5.372,17.78368783,5.372
17.7840750217,0.,17.7840750217,15.393,17.7840750217,77.9,17.7840750217,5.372,17.7840750217,8.059
17.8233518600,0.,17.8233518600,15.46,17.8233518600,37.607,17.8233518600,5.372,17.8233518600,8.059
17.8239119053,0.,17.8239119053,15.393,17.8239119053,85.958,17.8239119053,10.745,17.8239119053,5.372
17.8243126869,0.,17.8243126869,15.475,17.8243126869,32.234,17.8243126869,8.059,17.8243126869,8.059
17.8247048855,0.,17.8247048855,15.542,17.8247048855,34.921,17.8247048855,5.372,17.8247048855,8.059
17.8634099960,0.,17.8634099960,15.415,17.8634099960,72.527,17.8634099960,5.372,17.8634099960,8.059
17.8639550209,0.,17.8639550209,15.497,17.8639550209,48.352,17.8639550209,5.372,17.8639550209,5.372
17.8643598557,0.,17.8643598557,15.371,17.8643598557,99.39,17.8643598557,5.372,17.8643598557,5.372
17.8647518158,0.,17.8647518158,15.482,17.8647518158,34.921,17.8647518158,5.372,17.8647518158,8.059
17.9034068584,0.,17.9034068584,15.549,17.9034068584,45.665,17.9034068584,8.059,17.9034068584,16.117
17.9038748741,0.,17.9038748741,15.46,17.9038748741,26.862,17.9038748741,5.372,17.9038748741,5.372
17.9042429924,0.,17.9042429924,15.482,17.9042429924,34.921,17.9042429924,5.372,17.9042429924,8.059
17.9045886993,0.,17.9045886993,15.408,17.9045886993,88.645,17.9045886993,5.372,17.9045886993,5.372
17.9435060024,0.,17.9435060024,15.467,17.9435060024,42.979,17.9435060024,5.372,17.9435060024,5.372
17.9440169334,0.,17.9440169334,15.49,17.9440169334,32.234,17.9440169334,5.372,17.9440169334,8.059
17.9443788528,0.,17.9443788528,15.423,17.9443788528,42.979,17.9443788528,5.372,17.9443788528,8.059
17.9447307587,0.,17.9447307587,15.453,17.9447307587,26.862,17.9447307587,8.059,17.9447307587,8.059
17.9827997684,0.,17.9827997684,15.572,17.9827997684,91.331,17.9827997684,5.372,17.9827997684,8.059
17.9833037853,0.,17.9833037853,15.482,17.9833037853,37.607,17.9833037853,8.059,17.9833037853,5.372
17.9836590290,0.,17.9836590290,15.415,17.9836590290,128.938,17.9836590290,5.372,17.9836590290,10.745
17.9840199947,0.,17.9840199947,15.497,17.9840199947,26.862,17.9840199947,5.372,17.9840199947,8.059
18.023444891,0.,18.023444891,15.482,18.023444891,48.352,18.023444891,5.372,18.023444891,8.059
18.0239839554,0.,18.0239839554,15.408,18.0239839554,48.352,18.0239839554,5.372,18.0239839554,8.059
18.024368763,0.,18.024368763,15.542,18.024368763,48.352,18.024368763,5.372,18.024368763,5.372
18.0247690678,0.,18.0247690678,15.49,18.0247690678,37.607,18.0247690678,5.372,18.0247690678,8.059
18.0626418591,0.,18.0626418591,15.453,18.0626418591,42.979,18.0626418591,5.372,18.0626418591,8.059
18.0631480217,0.,18.0631480217,15.385,18.0631480217,64.469,18.0631480217,5.372,18.0631480217,5.372
18.0635118484,0.,18.0635118484,15.579,18.0635118484,107.448,18.0635118484,8.059,18.0635118484,5.372
18.0639307499,0.,18.0639307499,15.527,18.0639307499,51.038,18.0639307499,8.059,18.0639307499,5.372
18.1063480377,0.,18.1063480377,15.453,18.1063480377,26.862,18.1063480377,5.372,18.1063480377,8.059
18.1068599224,0.,18.1068599224,15.415,18.1068599224,51.038,18.1068599224,5.372,18.1068599224,8.059
18.1072208881,0.,18.1072208881,15.363,18.1072208881,99.39,18.1072208881,8.059,18.1072208881,8.059
18.1435647011,0.,18.1435647011,15.512,18.1435647011,42.979,18.1435647011,5.372,18.1435647011,8.059
18.1440219879,0.,18.1440219879,15.497,18.1440219879,42.979,18.1440219879,5.372,18.1440219879,8.059
18.1443789005,0.,18.1443789005,15.423,18.1443789005,29.548,18.1443789005,5.372,18.1443789005,13.431
18.1447417736,0.,18.1447417736,15.527,18.1447417736,42.979,18.1447417736,5.372,18.1447417736,8.059
18.1832766533,0.,18.1832766533,15.542,18.1832766533,56.41,18.1832766533,5.372,18.1832766533,8.059
18.1837561131,0.,18.1837561131,15.482,18.1837561131,56.41,18.1837561131,5.372,18.1837561131,8.059
18.1841208935,0.,18.1841208935,15.408,18.1841208935,34.921,18.1841208935,8.059,18.1841208935,5.372
18.1844749451,0.,18.1844749451,15.535,18.1844749451,53.724,18.1844749451,13.431,18.1844749451,5.372
18.2235090733,0.,18.2235090733,15.497,18.2235090733,53.724,18.2235090733,5.372,18.2235090733,8.059
18.2241070271,0.,18.2241070271,15.445,18.2241070271,37.607,18.2241070271,10.745,18.2241070271,8.059
18.2244737148,0.,18.2244737148,15.423,18.2244737148,40.293,18.2244737148,5.372,18.2244737148,5.372
18.2248599529,0.,18.2248599529,15.564,18.2248599529,128.938,18.2248599529,5.372,18.2248599529,5.372
18.2631459236,0.,18.2631459236,15.549,18.2631459236,59.096,18.2631459236,5.372,18.2631459236,5.372
18.2636637688,0.,18.2636637688,15.467,18.2636637688,48.352,18.2636637688,5.372,18.2636637688,8.059
18.2640278339,0.,18.2640278339,15.43,18.2640278339,48.352,18.2640278339,2.686,18.2640278339,5.372
18.2643687725,0.,18.2643687725,15.408,18.2643687725,59.096,18.2643687725,5.372,18.2643687725,8.059
18.3033621311,0.,18.3033621311,15.542,18.3033621311,42.979,18.3033621311,5.372,18.3033621311,8.059
18.3038899899,0.,18.3038899899,15.535,18.3038899899,42.979,18.3038899899,5.372,18.3038899899,8.059
18.3042650223,0.,18.3042650223,15.438,18.3042650223,29.548,18.3042650223,5.372,18.3042650223,8.059
18.3430929184,0.,18.3430929184,15.527,18.3430929184,40.293,18.3430929184,5.372,18.3430929184,0.
18.3435757160,0.,18.3435757160,15.453,18.3435757160,34.921,18.3435757160,5.372,18.3435757160,5.372
18.3439559937,0.,18.3439559937,15.363,18.3439559937,104.762,18.3439559937,5.372,18.3439559937,5.372
18.3443210125,0.,18.3443210125,15.49,18.3443210125,34.921,18.3443210125,5.372,18.3443210125,0.
18.3834018707,0.,18.3834018707,15.549,18.3834018707,88.645,18.3834018707,5.372,18.3834018707,8.059
18.3838918209,0.,18.3838918209,15.453,18.3838918209,26.862,18.3838918209,5.372,18.3838918209,5.372
18.3842749596,0.,18.3842749596,15.572,18.3842749596,118.193,18.3842749596,8.059,18.3842749596,5.372
18.4234418869,0.,18.4234418869,15.52,18.4234418869,37.607,18.4234418869,8.059,18.4234418869,10.745
18.4240078926,0.,18.4240078926,15.475,18.4240078926,51.038,18.4240078926,5.372,18.4240078926,8.059
18.4243838787,0.,18.4243838787,15.43,18.4243838787,32.234,18.4243838787,5.372,18.4243838787,8.059
18.4247717857,0.,18.4247717857,15.385,18.4247717857,75.214,18.4247717857,5.372,18.4247717857,8.059
18.4636287689,0.,18.4636287689,15.542,18.4636287689,37.607,18.4636287689,5.372,18.4636287689,5.372
18.4641737938,0.,18.4641737938,15.445,18.4641737938,34.921,18.4641737938,5.372,18.4641737938,8.059
18.5033478737,0.,18.5033478737,15.49,18.5033478737,53.724,18.5033478737,5.372,18.5033478737,8.059
18.5039029121,0.,18.5039029121,15.482,18.5039029121,61.783,18.5039029121,5.372,18.5039029121,8.059
18.5042898655,0.,18.5042898655,15.557,18.5042898655,42.979,18.5042898655,5.372,18.5042898655,5.372
18.5046677589,0.,18.5046677589,15.482,18.5046677589,29.548,18.5046677589,5.372,18.5046677589,5.372
18.5437357426,0.,18.5437357426,15.408,18.5437357426,112.821,18.5437357426,8.059,18.5437357426,5.372
18.5442340374,0.,18.5442340374,15.542,18.5442340374,32.234,18.5442340374,5.372,18.5442340374,10.745
18.5832877159,0.,18.5832877159,15.475,18.5832877159,32.234,18.5832877159,5.372,18.5832877159,10.745
18.5837917328,0.,18.5837917328,15.393,18.5837917328,53.724,18.5837917328,5.372,18.5837917328,5.372
18.5841748714,0.,18.5841748714,15.52,18.5841748714,37.607,18.5841748714,5.372,18.5841748714,8.059
18.5845468044,0.,18.5845468044,15.557,18.5845468044,42.979,18.5845468044,5.372,18.5845468044,5.372
18.6235158443,0.,18.6235158443,15.467,18.6235158443,26.862,18.6235158443,5.372,18.6235158443,8.059
18.6240618229,0.,18.6240618229,15.423,18.6240618229,75.214,18.6240618229,5.372,18.6240618229,8.059
18.6244459152,0.,18.6244459152,15.542,18.6244459152,45.665,18.6244459152,5.372,18.6244459152,5.372
18.6634397507,0.,18.6634397507,15.549,18.6634397507,42.979,18.6634397507,5.372,18.6634397507,8.059
18.663944006,0.,18.663944006,15.497,18.663944006,42.979,18.663944006,5.372,18.663944006,8.059
18.6643218994,0.,18.6643218994,15.482,18.6643218994,34.921,18.6643218994,8.059,18.6643218994,5.372
18.6646819115,0.,18.6646819115,15.423,18.6646819115,26.862,18.6646819115,5.372,18.6646819115,5.372
18.7034068108,0.,18.7034068108,15.549,18.7034068108,45.665,18.7034068108,5.372,18.7034068108,8.059
18.7040200233,0.,18.7040200233,15.408,18.7040200233,110.134,18.7040200233,5.372,18.7040200233,5.372
18.7044098377,0.,18.7044098377,15.46,18.7044098377,32.234,18.7044098377,5.372,18.7044098377,8.059
18.7047917843,0.,18.7047917843,15.385,18.7047917843,120.879,18.7047917843,5.372,18.7047917843,8.059
18.7433648109,0.,18.7433648109,15.482,18.7433648109,32.234,18.7433648109,5.372,18.7433648109,5.372
18.7439289093,0.,18.7439289093,15.535,18.7439289093,107.448,18.7439289093,5.372,18.7439289093,5.372
18.7442870140,0.,18.7442870140,15.475,18.7442870140,26.862,18.7442870140,5.372,18.7442870140,5.372
18.7446317673,0.,18.7446317673,15.482,18.7446317673,21.49,18.7446317673,5.372,18.7446317673,5.372
18.7828128338,0.,18.7828128338,15.415,18.7828128338,120.879,18.7828128338,5.372,18.7828128338,5.372
18.7833669186,0.,18.7833669186,15.482,18.7833669186,32.234,18.7833669186,5.372,18.7833669186,5.372
18.7837409973,0.,18.7837409973,15.348,18.7837409973,45.665,18.7837409973,8.059,18.7837409973,8.059
18.7840998173,0.,18.7840998173,15.497,18.7840998173,34.921,18.7840998173,5.372,18.7840998173,5.372
18.8232676983,0.,18.8232676983,15.527,18.8232676983,45.665,18.8232676983,10.745,18.8232676983,8.059
18.8237979412,0.,18.8237979412,15.415,18.8237979412,85.958,18.8237979412,8.059,18.8237979412,5.372
18.8242020607,0.,18.8242020607,15.527,18.8242020607,51.038,18.8242020607,5.372,18.8242020607,8.059
18.8245918751,0.,18.8245918751,15.438,18.8245918751,69.841,18.8245918751,5.372,18.8245918751,5.372
18.8634839058,0.,18.8634839058,15.393,18.8634839058,118.193,18.8634839058,5.372,18.8634839058,5.372
18.8640677929,0.,18.8640677929,15.423,18.8640677929,37.607,18.8640677929,5.372,18.8640677929,5.372
18.8644568920,0.,18.8644568920,15.49,18.8644568920,32.234,18.8644568920,5.372,18.8644568920,8.059
18.8648409843,0.,18.8648409843,15.423,18.8648409843,42.979,18.8648409843,5.372,18.8648409843,5.372
18.9032719135,0.,18.9032719135,15.52,18.9032719135,37.607,18.9032719135,8.059,18.9032719135,8.059
18.9038720131,0.,18.9038720131,15.453,18.9038720131,40.293,18.9038720131,5.372,18.9038720131,8.059
18.9042549133,0.,18.9042549133,15.348,18.9042549133,40.293,18.9042549133,5.372,18.9042549133,8.059
18.9046089649,0.,18.9046089649,15.423,18.9046089649,37.607,18.9046089649,5.372,18.9046089649,5.372
18.9430987835,0.,18.9430987835,15.505,18.9430987835,45.665,18.9430987835,8.059,18.9430987835,8.059
18.9435799122,0.,18.9435799122,15.385,18.9435799122,131.624,18.9435799122,5.372,18.9435799122,8.059
18.9439790249,0.,18.9439790249,15.505,18.9439790249,40.293,18.9439790249,5.372,18.9439790249,8.059
18.9832127094,0.,18.9832127094,15.542,18.9832127094,40.293,18.9832127094,5.372,18.9832127094,5.372
18.9837508202,0.,18.9837508202,15.453,18.9837508202,32.234,18.9837508202,8.059,18.9837508202,10.745
18.9841468334,0.,18.9841468334,15.527,18.9841468334,34.921,18.9841468334,5.372,18.9841468334,5.372
18.9845268726,0.,18.9845268726,15.438,18.9845268726,37.607,18.9845268726,5.372,18.9845268726,5.372
19.0229697227,0.,19.0229697227,15.393,19.0229697227,85.958,19.0229697227,5.372,19.0229697227,8.059
19.0234889984,0.,19.0234889984,15.557,19.0234889984,99.39,19.0234889984,5.372,19.0234889984,8.059
19.0238897800,0.,19.0238897800,15.49,19.0238897800,42.979,19.0238897800,8.059,19.0238897800,2.686
19.0242729187,0.,19.0242729187,15.438,19.0242729187,29.548,19.0242729187,2.686,19.0242729187,5.372
19.0634808540,0.,19.0634808540,15.378,19.0634808540,56.41,19.0634808540,5.372,19.0634808540,8.059
19.0640659332,0.,19.0640659332,15.505,19.0640659332,134.31,19.0640659332,8.059,19.0640659332,8.059
19.0644788742,0.,19.0644788742,15.52,19.0644788742,56.41,19.0644788742,5.372,19.0644788742,5.372
19.0648818016,0.,19.0648818016,15.512,19.0648818016,40.293,19.0648818016,5.372,19.0648818016,8.059
19.1033668518,0.,19.1033668518,15.482,19.1033668518,42.979,19.1033668518,8.059,19.1033668518,5.372
19.1039068699,0.,19.1039068699,15.445,19.1039068699,34.921,19.1039068699,8.059,19.1039068699,5.372
19.1043088436,0.,19.1043088436,15.408,19.1043088436,45.665,19.1043088436,2.686,19.1043088436,8.059
19.1047067642,0.,19.1047067642,15.564,19.1047067642,107.448,19.1047067642,5.372,19.1047067642,5.372
19.1435749531,0.,19.1435749531,15.512,19.1435749531,48.352,19.1435749531,5.372,19.1435749531,8.059
19.1441347599,0.,19.1441347599,15.467,19.1441347599,45.665,19.1441347599,5.372,19.1441347599,8.059
19.1445338726,0.,19.1445338726,15.43,19.1445338726,32.234,19.1445338726,5.372,19.1445338726,8.059
19.1449239254,0.,19.1449239254,15.535,19.1449239254,128.938,19.1449239254,5.372,19.1449239254,5.372
19.1832859516,0.,19.1832859516,15.535,19.1832859516,115.507,19.1832859516,5.372,19.1832859516,5.372
19.1837849617,0.,19.1837849617,15.542,19.1837849617,69.841,19.1837849617,5.372,19.1837849617,8.059
19.1841628551,0.,19.1841628551,15.52,19.1841628551,69.841,19.1841628551,5.372,19.1841628551,8.059
19.1845169067,0.,19.1845169067,15.482,19.1845169067,42.979,19.1845169067,8.059,19.1845169067,5.372
19.2229099274,0.,19.2229099274,15.423,19.2229099274,42.979,19.2229099274,5.372,19.2229099274,8.059
19.2233669758,0.,19.2233669758,15.549,19.2233669758,72.527,19.2233669758,8.059,19.2233669758,8.059
19.2237298489,0.,19.2237298489,15.52,19.2237298489,45.665,19.2237298489,5.372,19.2237298489,5.372
19.2240860462,0.,19.2240860462,15.467,19.2240860462,48.352,19.2240860462,5.372,19.2240860462,5.372
19.2634687424,0.,19.2634687424,15.43,19.2634687424,29.548,19.2634687424,8.059,19.2634687424,5.372
19.2639968395,0.,19.2639968395,15.385,19.2639968395,88.645,19.2639968395,5.372,19.2639968395,8.059
19.2643787861,0.,19.2643787861,15.467,19.2643787861,34.921,19.2643787861,8.059,19.2643787861,8.059
19.2647459507,0.,19.2647459507,15.4,19.2647459507,75.214,19.2647459507,5.372,19.2647459507,5.372
19.3031637669,0.,19.3031637669,15.542,19.3031637669,53.724,19.3031637669,5.372,19.3031637669,5.372
19.3036379814,0.,19.3036379814,15.467,19.3036379814,61.783,19.3036379814,5.372,19.3036379814,8.059
19.3040976524,0.,19.3040976524,15.363,19.3040976524,107.448,19.3040976524,5.372,19.3040976524,8.059
19.3435647488,0.,19.3435647488,15.423,19.3435647488,34.921,19.3435647488,5.372,19.3435647488,8.059
19.3440499306,0.,19.3440499306,15.423,19.3440499306,34.921,19.3440499306,5.372,19.3440499306,8.059
19.3444108963,0.,19.3444108963,15.557,19.3444108963,77.9,19.3444108963,5.372,19.3444108963,8.059
19.3447637558,0.,19.3447637558,15.467,19.3447637558,42.979,19.3447637558,5.372,19.3447637558,5.372
19.383276701,0.,19.383276701,15.415,19.383276701,45.665,19.383276701,5.372,19.383276701,10.745
19.383754015,0.,19.383754015,15.363,19.383754015,64.469,19.383754015,8.059,19.383754015,5.372
19.3841879368,0.,19.3841879368,15.482,19.3841879368,53.724,19.3841879368,5.372,19.3841879368,8.059
19.4234900475,0.,19.4234900475,15.423,19.4234900475,32.234,19.4234900475,5.372,19.4234900475,5.372
19.4240419865,0.,19.4240419865,15.378,19.4240419865,99.39,19.4240419865,8.059,19.4240419865,8.059
19.4244418144,0.,19.4244418144,15.564,19.4244418144,85.958,19.4244418144,5.372,19.4244418144,5.372
19.4248430729,0.,19.4248430729,15.49,19.4248430729,56.41,19.4248430729,5.372,19.4248430729,5.372
19.4631917477,0.,19.4631917477,15.505,19.4631917477,51.038,19.4631917477,5.372,19.4631917477,5.372
19.4636979103,0.,19.4636979103,15.482,19.4636979103,42.979,19.4636979103,5.372,19.4636979103,5.372
19.4640848637,0.,19.4640848637,15.43,19.4640848637,34.921,19.4640848637,5.372,19.4640848637,8.059
19.4644427299,0.,19.4644427299,15.564,19.4644427299,112.821,19.4644427299,8.059,19.4644427299,5.372
19.5032229424,0.,19.5032229424,15.52,19.5032229424,53.724,19.5032229424,5.372,19.5032229424,5.372
19.503718853,0.,19.503718853,15.512,19.503718853,56.41,19.503718853,5.372,19.503718853,5.372
19.5040678978,0.,19.5040678978,15.557,19.5040678978,42.979,19.5040678978,5.372,19.5040678978,8.059
19.5044038296,0.,19.5044038296,15.505,19.5044038296,45.665,19.5044038296,8.059,19.5044038296,8.059
19.5429670811,0.,19.5429670811,15.438,19.5429670811,59.096,19.5429670811,8.059,19.5429670811,8.059
19.5434770584,0.,19.5434770584,15.393,19.5434770584,134.31,19.5434770584,5.372,19.5434770584,5.372
19.5438647270,0.,19.5438647270,15.445,19.5438647270,37.607,19.5438647270,5.372,19.5438647270,13.431
19.5442228317,0.,19.5442228317,15.385,19.5442228317,120.879,19.5442228317,8.059,19.5442228317,5.372
19.5832808018,0.,19.5832808018,15.564,19.5832808018,37.607,19.5832808018,5.372,19.5832808018,8.059
19.5837638378,0.,19.5837638378,15.497,19.5837638378,42.979,19.5837638378,5.372,19.5837638378,8.059
19.5841300488,0.,19.5841300488,15.467,19.5841300488,42.979,19.5841300488,5.372,19.5841300488,5.372
19.5844879150,0.,19.5844879150,15.363,19.5844879150,123.565,19.5844879150,5.372,19.5844879150,5.372
19.6235320568,0.,19.6235320568,15.423,19.6235320568,85.958,19.6235320568,10.745,19.6235320568,5.372
19.6240489483,0.,19.6240489483,15.542,19.6240489483,51.038,19.6240489483,5.372,19.6240489483,8.059
19.6244170666,0.,19.6244170666,15.49,19.6244170666,34.921,19.6244170666,5.372,19.6244170666,5.372
19.6247959137,0.,19.6247959137,15.356,19.6247959137,110.134,19.6247959137,8.059,19.6247959137,8.059
19.6635348797,0.,19.6635348797,15.505,19.6635348797,42.979,19.6635348797,5.372,19.6635348797,5.372
19.6640577316,0.,19.6640577316,15.572,19.6640577316,59.096,19.6640577316,8.059,19.6640577316,8.059
19.6644279957,0.,19.6644279957,15.497,19.6644279957,34.921,19.6644279957,8.059,19.6644279957,8.059
19.664798975,0.,19.664798975,15.438,19.664798975,29.548,19.664798975,5.372,19.664798975,10.745
19.7033748627,0.,19.7033748627,15.415,19.7033748627,88.645,19.7033748627,8.059,19.7033748627,10.745
19.7038648129,0.,19.7038648129,15.505,19.7038648129,37.607,19.7038648129,5.372,19.7038648129,8.059
19.7042360306,0.,19.7042360306,15.415,19.7042360306,26.862,19.7042360306,5.372,19.7042360306,5.372
19.7045948505,0.,19.7045948505,15.527,19.7045948505,42.979,19.7045948505,8.059,19.7045948505,5.372
19.7435116768,0.,19.7435116768,15.453,19.7435116768,32.234,19.7435116768,5.372,19.7435116768,5.372
19.7440457344,0.,19.7440457344,15.385,19.7440457344,53.724,19.7440457344,5.372,19.7440457344,8.059
19.7444169521,0.,19.7444169521,15.482,19.7444169521,34.921,19.7444169521,5.372,19.7444169521,8.059
19.7447829247,0.,19.7447829247,15.445,19.7447829247,32.234,19.7447829247,5.372,19.7447829247,10.745
19.7833058834,0.,19.7833058834,15.467,19.7833058834,37.607,19.7833058834,5.372,19.7833058834,8.059
19.7838227749,0.,19.7838227749,15.512,19.7838227749,48.352,19.7838227749,5.372,19.7838227749,8.059
19.7842130661,0.,19.7842130661,15.423,19.7842130661,99.39,19.7842130661,5.372,19.7842130661,5.372
19.784580946,0.,19.784580946,15.482,19.784580946,34.921,19.784580946,5.372,19.784580946,8.059
19.8229839802,0.,19.8229839802,15.393,19.8229839802,123.565,19.8229839802,5.372,19.8229839802,5.372
19.8235089779,0.,19.8235089779,15.475,19.8235089779,24.176,19.8235089779,5.372,19.8235089779,5.372
19.8239507675,0.,19.8239507675,15.423,19.8239507675,69.841,19.8239507675,5.372,19.8239507675,10.745
19.8243238926,0.,19.8243238926,15.527,19.8243238926,45.665,19.8243238926,5.372,19.8243238926,8.059
19.8634569645,0.,19.8634569645,15.482,19.8634569645,42.979,19.8634569645,5.372,19.8634569645,8.059
19.8639779091,0.,19.8639779091,15.4,19.8639779091,85.958,19.8639779091,5.372,19.8639779091,5.372
19.8643579483,0.,19.8643579483,15.445,19.8643579483,26.862,19.8643579483,5.372,19.8643579483,5.372
19.8647239208,0.,19.8647239208,15.505,19.8647239208,37.607,19.8647239208,2.686,19.8647239208,5.372
